Date,LIBOR
4/5/2017,180.2103
4/4/2017,180.2045
4/3/2017,180.1991
3/31/2017,180.182
3/30/2017,180.1764
3/29/2017,180.1708
3/28/2017,180.165
3/27/2017,180.1591
3/24/2017,180.1419
3/23/2017,180.1363
3/22/2017,180.1297
3/21/2017,180.1247
3/20/2017,180.119
3/17/2017,180.1019
3/16/2017,180.0966
3/15/2017,180.0958
3/14/2017,180.0927
3/13/2017,180.0892
3/10/2017,180.0753
3/9/2017,180.0713
3/8/2017,180.0694
3/7/2017,180.0646
3/6/2017,180.0599
3/3/2017,180.0455
3/2/2017,180.0412
3/1/2017,180.0384
2/28/2017,180.0393
2/27/2017,180.036
2/24/2017,180.0205
2/23/2017,180.0154
2/22/2017,180.0098
2/21/2017,180.0047
2/20/2017,180
2/17/2017,179.9838
2/16/2017,179.9776
2/15/2017,179.9747
2/14/2017,179.9703
2/13/2017,179.965
2/10/2017,179.9498
2/9/2017,179.9454
2/8/2017,179.9403
2/7/2017,179.9348
2/6/2017,179.9293
2/3/2017,179.914
2/2/2017,179.9087
2/1/2017,179.9033
1/31/2017,179.8983
1/30/2017,179.8931
1/27/2017,179.8772
1/26/2017,179.8721
1/25/2017,179.8667
1/24/2017,179.8622
1/23/2017,179.8565
1/20/2017,179.84
1/19/2017,179.8348
1/18/2017,179.8307
1/17/2017,179.8274
1/16/2017,179.8226
1/13/2017,179.8074
1/12/2017,179.8026
1/11/2017,179.7976
1/10/2017,179.793
1/9/2017,179.7883
1/6/2017,179.7739
1/5/2017,179.7691
1/4/2017,179.7645
1/3/2017,179.7598
1/2/2017,179.7551
12/30/2016,179.7402
12/29/2016,179.7352
12/28/2016,179.7306
12/27/2016,179.7264
12/26/2016,179.7214
12/23/2016,179.7065
12/22/2016,179.7019
12/21/2016,179.6971
12/20/2016,179.6927
12/19/2016,179.6882
12/16/2016,179.6734
12/15/2016,179.6693
12/14/2016,179.6695
12/13/2016,179.6659
12/12/2016,179.6627
12/9/2016,179.6497
12/8/2016,179.6466
12/7/2016,179.6435
12/6/2016,179.6393
12/5/2016,179.6349
12/2/2016,179.6214
12/1/2016,179.6182
11/30/2016,179.6148
11/29/2016,179.6116
11/28/2016,179.6075
11/25/2016,179.5933
11/24/2016,179.5887
11/23/2016,179.5859
11/22/2016,179.5827
11/21/2016,179.5803
11/18/2016,179.5673
11/17/2016,179.5637
11/16/2016,179.5602
11/15/2016,179.5566
11/14/2016,179.5514
11/11/2016,179.5391
11/10/2016,179.5352
11/9/2016,179.5335
11/8/2016,179.5294
11/7/2016,179.5253
11/4/2016,179.5126
11/3/2016,179.5086
11/2/2016,179.5048
11/1/2016,179.4998
10/31/2016,179.4948
10/28/2016,179.4814
10/27/2016,179.4767
10/26/2016,179.4723
10/25/2016,179.4682
10/24/2016,179.4641
10/21/2016,179.4512
10/20/2016,179.4474
10/19/2016,179.4436
10/18/2016,179.4391
10/17/2016,179.4349
10/14/2016,179.4213
10/13/2016,179.4171
10/12/2016,179.413
10/11/2016,179.4091
10/10/2016,179.4052
10/7/2016,179.3918
10/6/2016,179.3877
10/5/2016,179.3843
10/4/2016,179.3803
10/3/2016,179.3765
9/30/2016,179.3639
9/29/2016,179.3605
9/28/2016,179.3575
9/27/2016,179.3513
9/26/2016,179.3474
9/23/2016,179.3342
9/22/2016,179.3291
9/21/2016,179.3215
9/20/2016,179.3175
9/19/2016,179.3144
9/16/2016,179.3022
9/15/2016,179.2979
9/14/2016,179.294
9/13/2016,179.2905
9/12/2016,179.2855
9/9/2016,179.2731
9/8/2016,179.2703
9/7/2016,179.2678
9/6/2016,179.2626
9/5/2016,179.259
9/2/2016,179.246
9/1/2016,179.2416
8/31/2016,179.2373
8/30/2016,179.2329
8/29/2016,179.2303
8/26/2016,179.2178
8/25/2016,179.2143
8/24/2016,179.2108
8/23/2016,179.206
8/22/2016,179.2027
8/19/2016,179.1912
8/18/2016,179.1888
8/17/2016,179.185
8/16/2016,179.1825
8/15/2016,179.1783
8/12/2016,179.1651
8/11/2016,179.1614
8/10/2016,179.1564
8/9/2016,179.153
8/8/2016,179.15
8/5/2016,179.1407
8/4/2016,179.1377
8/3/2016,179.1348
8/2/2016,179.1321
8/1/2016,179.1291
7/29/2016,179.1176
7/28/2016,179.1147
7/27/2016,179.1111
7/26/2016,179.1084
7/25/2016,179.1061
7/22/2016,179.097
7/21/2016,179.0946
7/20/2016,179.0925
7/19/2016,179.0895
7/18/2016,179.0862
7/15/2016,179.0771
7/14/2016,179.075
7/13/2016,179.0717
7/12/2016,179.069
7/11/2016,179.0662
7/8/2016,179.0567
7/7/2016,179.0541
7/6/2016,179.0512
7/5/2016,179.0488
7/4/2016,179.0456
7/1/2016,179.0365
6/30/2016,179.0331
6/29/2016,179.0311
6/28/2016,179.0302
6/27/2016,179.0278
6/24/2016,179.0198
6/23/2016,179.0143
6/22/2016,179.0112
6/21/2016,179.0079
6/20/2016,179.0043
6/17/2016,178.9949
6/16/2016,178.9916
6/15/2016,178.9874
6/14/2016,178.9845
6/13/2016,178.9815
6/10/2016,178.971
6/9/2016,178.9676
6/8/2016,178.9646
6/7/2016,178.9615
6/6/2016,178.9578
6/3/2016,178.943
6/2/2016,178.9403
6/1/2016,178.9356
5/31/2016,178.9316
5/30/2016,178.9308
5/27/2016,178.9208
5/26/2016,178.9175
5/25/2016,178.9154
5/24/2016,178.9132
5/23/2016,178.9099
5/20/2016,178.9006
5/19/2016,178.8981
5/18/2016,178.8983
5/17/2016,178.8962
5/16/2016,178.8933
5/13/2016,178.8842
5/12/2016,178.8812
5/11/2016,178.8779
5/10/2016,178.8744
5/9/2016,178.8711
5/6/2016,178.8616
5/5/2016,178.8584
5/4/2016,178.855
5/3/2016,178.8519
5/2/2016,178.8484
4/29/2016,178.839
4/28/2016,178.8355
4/27/2016,178.8324
4/26/2016,178.8296
4/25/2016,178.8265
4/22/2016,178.8169
4/21/2016,178.8132
4/20/2016,178.8099
4/19/2016,178.8069
4/18/2016,178.804
4/15/2016,178.795
4/14/2016,178.7919
4/13/2016,178.7896
4/12/2016,178.7861
4/11/2016,178.783
4/8/2016,178.7737
4/7/2016,178.7707
4/6/2016,178.767
4/5/2016,178.7641
4/4/2016,178.7607
4/1/2016,178.7518
3/31/2016,178.7488
3/30/2016,178.7465
3/29/2016,178.7427
3/28/2016,178.7396
3/25/2016,178.7302
3/24/2016,178.7271
3/23/2016,178.7238
3/22/2016,178.7211
3/21/2016,178.7183
3/18/2016,178.7097
3/17/2016,178.7063
3/16/2016,178.7007
3/15/2016,178.6972
3/14/2016,178.6943
3/11/2016,178.6859
3/10/2016,178.6827
3/9/2016,178.6793
3/8/2016,178.6758
3/7/2016,178.6724
3/4/2016,178.6635
3/3/2016,178.6602
3/2/2016,178.6574
3/1/2016,178.6549
2/29/2016,178.651
2/26/2016,178.6414
2/25/2016,178.6383
2/24/2016,178.6356
2/23/2016,178.6327
2/22/2016,178.6302
2/19/2016,178.6217
2/18/2016,178.6185
2/17/2016,178.6157
2/16/2016,178.6128
2/15/2016,178.6098
2/12/2016,178.6005
2/11/2016,178.598
2/10/2016,178.5947
2/9/2016,178.5913
2/8/2016,178.5879
2/5/2016,178.5785
2/4/2016,178.5759
2/3/2016,178.5723
2/2/2016,178.5695
2/1/2016,178.5661
1/29/2016,178.5579
1/28/2016,178.5542
1/27/2016,178.5511
1/26/2016,178.5472
1/25/2016,178.5445
1/22/2016,178.5361
1/21/2016,178.5331
1/20/2016,178.5301
1/19/2016,178.5269
1/18/2016,178.5238
1/15/2016,178.515
1/14/2016,178.5117
1/13/2016,178.5087
1/12/2016,178.5053
1/11/2016,178.5024
1/8/2016,178.4932
1/7/2016,178.4908
1/6/2016,178.487
1/5/2016,178.4844
1/4/2016,178.4822
1/1/2016,178.4722
12/31/2015,178.4691
12/30/2015,178.4662
12/29/2015,178.4643
12/28/2015,178.4614
12/25/2015,178.4525
12/24/2015,178.4495
12/23/2015,178.4464
12/22/2015,178.4447
12/21/2015,178.4422
12/18/2015,178.4352
12/17/2015,178.4354
12/16/2015,178.4419
12/15/2015,178.4406
12/14/2015,178.4396
12/11/2015,178.4338
12/10/2015,178.4338
12/9/2015,178.4341
12/8/2015,178.4336
12/7/2015,178.4331
12/4/2015,178.4298
12/3/2015,178.4294
12/2/2015,178.4309
12/1/2015,178.4309
11/30/2015,178.4295
11/27/2015,178.4237
11/26/2015,178.4225
11/25/2015,178.4215
11/24/2015,178.4209
11/23/2015,178.4206
11/20/2015,178.4169
11/19/2015,178.4156
11/18/2015,178.4154
11/17/2015,178.4142
11/16/2015,178.4128
11/13/2015,178.4076
11/12/2015,178.4061
11/11/2015,178.4047
11/10/2015,178.4034
11/9/2015,178.402
11/6/2015,178.3992
11/5/2015,178.3972
11/4/2015,178.3967
11/3/2015,178.3952
11/2/2015,178.3939
10/30/2015,178.3889
10/29/2015,178.3875
10/28/2015,178.3874
10/27/2015,178.3852
10/26/2015,178.3835
10/23/2015,178.3787
10/22/2015,178.3768
10/21/2015,178.3758
10/20/2015,178.3738
10/19/2015,178.3727
10/16/2015,178.3681
10/15/2015,178.3665
10/14/2015,178.3645
10/13/2015,178.363
10/12/2015,178.3615
10/9/2015,178.3566
10/8/2015,178.3553
10/7/2015,178.3535
10/6/2015,178.3522
10/5/2015,178.3496
10/2/2015,178.3441
10/1/2015,178.3428
9/30/2015,178.3412
9/29/2015,178.3396
9/28/2015,178.3379
9/25/2015,178.333
9/24/2015,178.3315
9/23/2015,178.3301
9/22/2015,178.3285
9/21/2015,178.3269
9/18/2015,178.3227
9/17/2015,178.3155
9/16/2015,178.3147
9/15/2015,178.3142
9/14/2015,178.3121
9/11/2015,178.3074
9/10/2015,178.3057
9/9/2015,178.3048
9/8/2015,178.3033
9/7/2015,178.3015
9/4/2015,178.2969
9/3/2015,178.2945
9/2/2015,178.2931
9/1/2015,178.2914
8/31/2015,178.2908
8/28/2015,178.2859
8/27/2015,178.2848
8/26/2015,178.2831
8/25/2015,178.2816
8/24/2015,178.2792
8/21/2015,178.2744
8/20/2015,178.2726
8/19/2015,178.2701
8/18/2015,178.2688
8/17/2015,178.267
8/14/2015,178.2634
8/13/2015,178.2625
8/12/2015,178.2628
8/11/2015,178.2606
8/10/2015,178.259
8/7/2015,178.255
8/6/2015,178.2536
8/5/2015,178.2522
8/4/2015,178.2525
8/3/2015,178.2504
7/31/2015,178.2451
7/30/2015,178.2449
7/29/2015,178.2438
7/28/2015,178.2421
7/27/2015,178.241
7/24/2015,178.2367
7/23/2015,178.2349
7/22/2015,178.2342
7/21/2015,178.2326
7/20/2015,178.2308
7/17/2015,178.2268
7/16/2015,178.2261
7/15/2015,178.2246
7/14/2015,178.223
7/13/2015,178.2216
7/10/2015,178.2178
7/9/2015,178.2165
7/8/2015,178.2154
7/7/2015,178.2138
7/6/2015,178.2129
7/3/2015,178.2085
7/2/2015,178.2069
7/1/2015,178.2057
6/30/2015,178.2043
6/29/2015,178.2029
6/26/2015,178.1987
6/25/2015,178.1974
6/24/2015,178.196
6/23/2015,178.1947
6/22/2015,178.193
6/19/2015,178.1891
6/18/2015,178.1877
6/17/2015,178.1856
6/16/2015,178.1845
6/15/2015,178.1833
6/12/2015,178.1789
6/11/2015,178.1772
6/10/2015,178.1755
6/9/2015,178.1745
6/8/2015,178.1734
6/5/2015,178.1698
6/4/2015,178.1683
6/3/2015,178.1667
6/2/2015,178.1654
6/1/2015,178.1637
5/29/2015,178.1593
5/28/2015,178.1582
5/27/2015,178.157
5/26/2015,178.155
5/25/2015,178.1541
5/22/2015,178.1498
5/21/2015,178.1487
5/20/2015,178.1471
5/19/2015,178.1458
5/18/2015,178.1455
5/15/2015,178.1414
5/14/2015,178.1403
5/13/2015,178.1389
5/12/2015,178.1374
5/11/2015,178.1357
5/8/2015,178.1313
5/7/2015,178.1302
5/6/2015,178.1291
5/5/2015,178.1276
5/4/2015,178.1255
5/1/2015,178.1214
4/30/2015,178.1202
4/29/2015,178.1189
4/28/2015,178.1173
4/27/2015,178.1161
4/24/2015,178.1119
4/23/2015,178.1108
4/22/2015,178.1094
4/21/2015,178.1082
4/20/2015,178.1071
4/17/2015,178.103
4/16/2015,178.1019
4/15/2015,178.1006
4/14/2015,178.099
4/13/2015,178.0976
4/10/2015,178.0935
4/9/2015,178.0921
4/8/2015,178.0912
4/7/2015,178.09
4/6/2015,178.089
4/3/2015,178.0849
4/2/2015,178.0835
4/1/2015,178.0823
3/31/2015,178.0812
3/30/2015,178.0792
3/27/2015,178.0752
3/26/2015,178.0742
3/25/2015,178.0733
3/24/2015,178.0722
3/23/2015,178.0709
3/20/2015,178.0669
3/19/2015,178.0661
3/18/2015,178.064
3/17/2015,178.0624
3/16/2015,178.0612
3/13/2015,178.0572
3/12/2015,178.0561
3/11/2015,178.0547
3/10/2015,178.0536
3/9/2015,178.0526
3/6/2015,178.0489
3/5/2015,178.0478
3/4/2015,178.0465
3/3/2015,178.0452
3/2/2015,178.0443
2/27/2015,178.0403
2/26/2015,178.0391
2/25/2015,178.0379
2/24/2015,178.0366
2/23/2015,178.0354
2/20/2015,178.0316
2/19/2015,178.0299
2/18/2015,178.0287
2/17/2015,178.0278
2/16/2015,178.0266
2/13/2015,178.0229
2/12/2015,178.0217
2/11/2015,178.0204
2/10/2015,178.0191
2/9/2015,178.0178
2/6/2015,178.0142
2/5/2015,178.0131
2/4/2015,178.0117
2/3/2015,178.0108
2/2/2015,178.0098
1/30/2015,178.0057
1/29/2015,178.0044
1/28/2015,178.003
1/27/2015,178.0021
1/26/2015,178.0004
1/23/2015,177.9968
1/22/2015,177.9953
1/21/2015,177.9938
1/20/2015,177.9927
1/19/2015,177.9914
1/16/2015,177.9877
1/15/2015,177.9867
1/14/2015,177.9852
1/13/2015,177.9843
1/12/2015,177.983
1/9/2015,177.9791
1/8/2015,177.978
1/7/2015,177.9767
1/6/2015,177.9754
1/5/2015,177.974
1/2/2015,177.9702
1/1/2015,177.9687
12/31/2014,177.9674
12/30/2014,177.9661
12/29/2014,177.965
12/26/2014,177.9612
12/25/2014,177.9599
12/24/2014,177.9586
12/23/2014,177.9575
12/22/2014,177.9567
12/19/2014,177.9534
12/18/2014,177.9525
12/17/2014,177.9516
12/16/2014,177.9508
12/15/2014,177.9495
12/12/2014,177.9459
12/11/2014,177.945
12/10/2014,177.9439
12/9/2014,177.9435
12/8/2014,177.9421
12/5/2014,177.9393
12/4/2014,177.9379
12/3/2014,177.9373
12/2/2014,177.9359
12/1/2014,177.9349
11/28/2014,177.9314
11/27/2014,177.9302
11/26/2014,177.9285
11/25/2014,177.9272
11/24/2014,177.9264
11/21/2014,177.923
11/20/2014,177.9217
11/19/2014,177.9209
11/18/2014,177.9196
11/17/2014,177.9186
11/14/2014,177.9153
11/13/2014,177.914
11/12/2014,177.9128
11/11/2014,177.9118
11/10/2014,177.9106
11/7/2014,177.907
11/6/2014,177.9063
11/5/2014,177.9052
11/4/2014,177.904
11/3/2014,177.9028
10/31/2014,177.8994
10/30/2014,177.8981
10/29/2014,177.8973
10/28/2014,177.8962
10/27/2014,177.8951
10/24/2014,177.8915
10/23/2014,177.8901
10/22/2014,177.8891
10/21/2014,177.8882
10/20/2014,177.8869
10/17/2014,177.8834
10/16/2014,177.8825
10/15/2014,177.8818
10/14/2014,177.8807
10/13/2014,177.8794
10/10/2014,177.8761
10/9/2014,177.875
10/8/2014,177.8738
10/7/2014,177.8724
10/6/2014,177.8712
10/3/2014,177.8678
10/2/2014,177.8667
10/1/2014,177.8654
9/30/2014,177.8637
9/29/2014,177.8629
9/26/2014,177.8593
9/25/2014,177.8583
9/24/2014,177.8569
9/23/2014,177.8556
9/22/2014,177.8544
9/19/2014,177.8512
9/18/2014,177.8504
9/17/2014,177.8493
9/16/2014,177.8481
9/15/2014,177.8469
9/12/2014,177.8434
9/11/2014,177.8423
9/10/2014,177.8411
9/9/2014,177.84
9/8/2014,177.8389
9/5/2014,177.8356
9/4/2014,177.834
9/3/2014,177.8328
9/2/2014,177.8317
9/1/2014,177.8305
8/29/2014,177.8271
8/28/2014,177.826
8/27/2014,177.8246
8/26/2014,177.8233
8/25/2014,177.8223
8/22/2014,177.8187
8/21/2014,177.8179
8/20/2014,177.8168
8/19/2014,177.8157
8/18/2014,177.8147
8/15/2014,177.8112
8/14/2014,177.8102
8/13/2014,177.8087
8/12/2014,177.8075
8/11/2014,177.8063
8/8/2014,177.8028
8/7/2014,177.8019
8/6/2014,177.8005
8/5/2014,177.7989
8/4/2014,177.7979
8/1/2014,177.7942
7/31/2014,177.7928
7/30/2014,177.7916
7/29/2014,177.7908
7/28/2014,177.7897
7/25/2014,177.7863
7/24/2014,177.7851
7/23/2014,177.784
7/22/2014,177.783
7/21/2014,177.7818
7/18/2014,177.7785
7/17/2014,177.7772
7/16/2014,177.7761
7/15/2014,177.7751
7/14/2014,177.7744
7/11/2014,177.771
7/10/2014,177.7698
7/9/2014,177.7683
7/8/2014,177.7674
7/7/2014,177.7661
7/4/2014,177.7628
7/3/2014,177.7613
7/2/2014,177.7598
7/1/2014,177.7593
6/30/2014,177.7582
6/27/2014,177.7544
6/26/2014,177.7534
6/25/2014,177.7522
6/24/2014,177.7509
6/23/2014,177.7499
6/20/2014,177.7465
6/19/2014,177.7459
6/18/2014,177.7445
6/17/2014,177.743
6/16/2014,177.742
6/13/2014,177.7384
6/12/2014,177.7377
6/11/2014,177.7369
6/10/2014,177.7357
6/9/2014,177.7345
6/6/2014,177.7309
6/5/2014,177.7301
6/4/2014,177.7289
6/3/2014,177.7282
6/2/2014,177.727
5/30/2014,177.7236
5/29/2014,177.7222
5/28/2014,177.7212
5/27/2014,177.7198
5/26/2014,177.7188
5/23/2014,177.7154
5/22/2014,177.7145
5/21/2014,177.7133
5/20/2014,177.7124
5/19/2014,177.7113
5/16/2014,177.7078
5/15/2014,177.7069
5/14/2014,177.7058
5/13/2014,177.7046
5/12/2014,177.7034
5/9/2014,177.7002
5/8/2014,177.6992
5/7/2014,177.698
5/6/2014,177.6971
5/5/2014,177.6961
5/2/2014,177.6927
5/1/2014,177.6918
4/30/2014,177.6906
4/29/2014,177.6889
4/28/2014,177.6882
4/25/2014,177.6844
4/24/2014,177.6833
4/23/2014,177.6819
4/22/2014,177.6808
4/21/2014,177.6799
4/18/2014,177.6766
4/17/2014,177.6755
4/16/2014,177.6742
4/15/2014,177.6733
4/14/2014,177.672
4/11/2014,177.6688
4/10/2014,177.6676
4/9/2014,177.6667
4/8/2014,177.6656
4/7/2014,177.664
4/4/2014,177.6607
4/3/2014,177.6594
4/2/2014,177.6584
4/1/2014,177.6575
3/31/2014,177.656
3/28/2014,177.652
3/27/2014,177.6508
3/26/2014,177.6499
3/25/2014,177.6487
3/24/2014,177.6474
3/21/2014,177.6438
3/20/2014,177.6426
3/19/2014,177.6409
3/18/2014,177.6397
3/17/2014,177.6387
3/14/2014,177.6351
3/13/2014,177.6343
3/12/2014,177.633
3/11/2014,177.632
3/10/2014,177.6307
3/7/2014,177.6273
3/6/2014,177.6264
3/5/2014,177.6251
3/4/2014,177.6239
3/3/2014,177.6228
2/28/2014,177.6192
2/27/2014,177.6182
2/26/2014,177.6174
2/25/2014,177.6162
2/24/2014,177.615
2/21/2014,177.6113
2/20/2014,177.61
2/19/2014,177.6093
2/18/2014,177.6081
2/17/2014,177.6069
2/14/2014,177.6029
2/13/2014,177.6019
2/12/2014,177.6007
2/11/2014,177.5995
2/10/2014,177.5987
2/7/2014,177.5951
2/6/2014,177.5934
2/5/2014,177.5923
2/4/2014,177.5909
2/3/2014,177.5899
1/31/2014,177.5864
1/30/2014,177.5849
1/29/2014,177.584
1/28/2014,177.5828
1/27/2014,177.5815
1/24/2014,177.5777
1/23/2014,177.5764
1/22/2014,177.5753
1/21/2014,177.5744
1/20/2014,177.5732
1/17/2014,177.5697
1/16/2014,177.5687
1/15/2014,177.5672
1/14/2014,177.5658
1/13/2014,177.5642
1/10/2014,177.5604
1/9/2014,177.5592
1/8/2014,177.5582
1/7/2014,177.5567
1/6/2014,177.5557
1/3/2014,177.5518
1/2/2014,177.55
1/1/2014,177.5485
12/31/2013,177.5473
12/30/2013,177.5459
12/27/2013,177.5424
12/26/2013,177.5412
12/25/2013,177.54
12/24/2013,177.5388
12/23/2013,177.5378
12/20/2013,177.5337
12/19/2013,177.5327
12/18/2013,177.5315
12/17/2013,177.5305
12/16/2013,177.5294
12/13/2013,177.5258
12/12/2013,177.5245
12/11/2013,177.5232
12/10/2013,177.5219
12/9/2013,177.5208
12/6/2013,177.5175
12/5/2013,177.5165
12/4/2013,177.5153
12/3/2013,177.5142
12/2/2013,177.5131
11/29/2013,177.5099
11/28/2013,177.5087
11/27/2013,177.508
11/26/2013,177.5069
11/25/2013,177.5059
11/22/2013,177.5021
11/21/2013,177.5007
11/20/2013,177.4994
11/19/2013,177.498
11/18/2013,177.497
11/15/2013,177.4936
11/14/2013,177.4924
11/13/2013,177.491
11/12/2013,177.4898
11/11/2013,177.4887
11/8/2013,177.4851
11/7/2013,177.484
11/6/2013,177.4827
11/5/2013,177.4816
11/4/2013,177.4803
11/1/2013,177.4768
10/31/2013,177.4752
10/30/2013,177.474
10/29/2013,177.4733
10/28/2013,177.4724
10/25/2013,177.4687
10/24/2013,177.4673
10/23/2013,177.4661
10/22/2013,177.4649
10/21/2013,177.4637
10/18/2013,177.4599
10/17/2013,177.4583
10/16/2013,177.4563
10/15/2013,177.4556
10/14/2013,177.454
10/11/2013,177.4507
10/10/2013,177.4496
10/9/2013,177.4477
10/8/2013,177.447
10/7/2013,177.446
10/4/2013,177.4426
10/3/2013,177.4413
10/2/2013,177.4398
10/1/2013,177.4382
9/30/2013,177.4367
9/27/2013,177.433
9/26/2013,177.4317
9/25/2013,177.4305
9/24/2013,177.4289
9/23/2013,177.4277
9/20/2013,177.4241
9/19/2013,177.4229
9/18/2013,177.4212
9/17/2013,177.42
9/16/2013,177.4187
9/13/2013,177.4147
9/12/2013,177.4132
9/11/2013,177.4119
9/10/2013,177.4105
9/9/2013,177.4092
9/6/2013,177.4054
9/5/2013,177.404
9/4/2013,177.4027
9/3/2013,177.4013
9/2/2013,177.4
8/30/2013,177.3962
8/29/2013,177.3947
8/28/2013,177.3935
8/27/2013,177.3922
8/26/2013,177.3907
8/23/2013,177.3868
8/22/2013,177.3855
8/21/2013,177.3842
8/20/2013,177.383
8/19/2013,177.3815
8/16/2013,177.3775
8/15/2013,177.3763
8/14/2013,177.375
8/13/2013,177.3736
8/12/2013,177.3722
8/9/2013,177.3683
8/8/2013,177.367
8/7/2013,177.3655
8/6/2013,177.3642
8/5/2013,177.3629
8/2/2013,177.3588
8/1/2013,177.3576
7/31/2013,177.3562
7/30/2013,177.355
7/29/2013,177.3537
7/26/2013,177.3498
7/25/2013,177.3485
7/24/2013,177.347
7/23/2013,177.3454
7/22/2013,177.3442
7/19/2013,177.3401
7/18/2013,177.3386
7/17/2013,177.3373
7/16/2013,177.3361
7/15/2013,177.3344
7/12/2013,177.3305
7/11/2013,177.3291
7/10/2013,177.3275
7/9/2013,177.3261
7/8/2013,177.3248
7/5/2013,177.3205
7/4/2013,177.3191
7/3/2013,177.3175
7/2/2013,177.3163
7/1/2013,177.3148
6/28/2013,177.311
6/27/2013,177.3095
6/26/2013,177.308
6/25/2013,177.3067
6/24/2013,177.3053
6/21/2013,177.3019
6/20/2013,177.3006
6/19/2013,177.2997
6/18/2013,177.2982
6/17/2013,177.2968
6/14/2013,177.2928
6/13/2013,177.2913
6/12/2013,177.2901
6/11/2013,177.2889
6/10/2013,177.2872
6/7/2013,177.2832
6/6/2013,177.2819
6/5/2013,177.2805
6/4/2013,177.2792
6/3/2013,177.2779
5/31/2013,177.2738
5/30/2013,177.2723
5/29/2013,177.2708
5/28/2013,177.2699
5/27/2013,177.2684
5/24/2013,177.2644
5/23/2013,177.263
5/22/2013,177.2615
5/21/2013,177.2599
5/20/2013,177.2585
5/17/2013,177.2544
5/16/2013,177.2529
5/15/2013,177.2515
5/14/2013,177.2501
5/13/2013,177.2486
5/10/2013,177.2444
5/9/2013,177.243
5/8/2013,177.2417
5/7/2013,177.2403
5/6/2013,177.239
5/3/2013,177.2349
5/2/2013,177.2337
5/1/2013,177.2323
4/30/2013,177.231
4/29/2013,177.2295
4/26/2013,177.2253
4/25/2013,177.2239
4/24/2013,177.2225
4/23/2013,177.2211
4/22/2013,177.2198
4/19/2013,177.2157
4/18/2013,177.2143
4/17/2013,177.2129
4/16/2013,177.2114
4/15/2013,177.21
4/12/2013,177.2059
4/11/2013,177.2047
4/10/2013,177.2033
4/9/2013,177.2018
4/8/2013,177.2003
4/5/2013,177.1962
4/4/2013,177.1947
4/3/2013,177.1931
4/2/2013,177.1916
4/1/2013,177.19
3/29/2013,177.1858
3/28/2013,177.1844
3/27/2013,177.1829
3/26/2013,177.1815
3/25/2013,177.1802
3/22/2013,177.1758
3/21/2013,177.1745
3/20/2013,177.1731
3/19/2013,177.172
3/18/2013,177.1708
3/15/2013,177.1667
3/14/2013,177.1653
3/13/2013,177.1639
3/12/2013,177.1625
3/11/2013,177.1613
3/8/2013,177.1572
3/7/2013,177.1557
3/6/2013,177.1544
3/5/2013,177.1528
3/4/2013,177.1511
3/1/2013,177.147
2/28/2013,177.1452
2/27/2013,177.1438
2/26/2013,177.1424
2/25/2013,177.141
2/22/2013,177.1366
2/21/2013,177.1352
2/20/2013,177.1336
2/19/2013,177.1322
2/18/2013,177.1309
2/15/2013,177.1263
2/14/2013,177.1249
2/13/2013,177.1236
2/12/2013,177.122
2/11/2013,177.1203
2/8/2013,177.1162
2/7/2013,177.1149
2/6/2013,177.1134
2/5/2013,177.1118
2/4/2013,177.1104
2/1/2013,177.1059
1/31/2013,177.1043
1/30/2013,177.1027
1/29/2013,177.101
1/28/2013,177.0993
1/25/2013,177.0948
1/24/2013,177.0933
1/23/2013,177.0917
1/22/2013,177.0901
1/21/2013,177.0886
1/18/2013,177.0842
1/17/2013,177.0826
1/16/2013,177.081
1/15/2013,177.0795
1/14/2013,177.0779
1/11/2013,177.0734
1/10/2013,177.0718
1/9/2013,177.0701
1/8/2013,177.0686
1/7/2013,177.067
1/4/2013,177.0625
1/3/2013,177.0611
1/2/2013,177.0595
1/1/2013,177.0578
12/31/2012,177.0563
12/28/2012,177.0516
12/27/2012,177.0496
12/26/2012,177.0483
12/25/2012,177.0468
12/24/2012,177.0453
12/21/2012,177.0407
12/20/2012,177.0391
12/19/2012,177.0376
12/18/2012,177.0363
12/17/2012,177.0346
12/14/2012,177.0302
12/13/2012,177.0287
12/12/2012,177.027
12/11/2012,177.0253
12/10/2012,177.0237
12/7/2012,177.0191
12/6/2012,177.0173
12/5/2012,177.0158
12/4/2012,177.0143
12/3/2012,177.0126
11/30/2012,177.0082
11/29/2012,177.0067
11/28/2012,177.0054
11/27/2012,177.0038
11/26/2012,177.0023
11/23/2012,176.9977
11/22/2012,176.9962
11/21/2012,176.9947
11/20/2012,176.9933
11/19/2012,176.9917
11/16/2012,176.9871
11/15/2012,176.9856
11/14/2012,176.9839
11/13/2012,176.9824
11/12/2012,176.9809
11/9/2012,176.9762
11/8/2012,176.9747
11/7/2012,176.9731
11/6/2012,176.9715
11/5/2012,176.97
11/2/2012,176.9652
11/1/2012,176.9636
10/31/2012,176.9619
10/30/2012,176.9604
10/29/2012,176.9589
10/26/2012,176.9542
10/25/2012,176.9528
10/24/2012,176.9511
10/23/2012,176.9495
10/22/2012,176.9479
10/19/2012,176.9431
10/18/2012,176.9412
10/17/2012,176.9393
10/16/2012,176.9371
10/15/2012,176.9345
10/12/2012,176.9291
10/11/2012,176.9267
10/10/2012,176.9247
10/9/2012,176.9223
10/8/2012,176.92
10/5/2012,176.9147
10/4/2012,176.9128
10/3/2012,176.911
10/2/2012,176.9095
10/1/2012,176.9077
9/28/2012,176.9017
9/27/2012,176.8996
9/26/2012,176.8975
9/25/2012,176.8957
9/24/2012,176.8934
9/21/2012,176.8878
9/20/2012,176.8855
9/19/2012,176.8831
9/18/2012,176.881
9/17/2012,176.8789
9/14/2012,176.8726
9/13/2012,176.8699
9/12/2012,176.8669
9/11/2012,176.8641
9/10/2012,176.8615
9/7/2012,176.8551
9/6/2012,176.853
9/5/2012,176.8507
9/4/2012,176.8485
9/3/2012,176.8461
8/31/2012,176.8395
8/30/2012,176.8372
8/29/2012,176.8349
8/28/2012,176.8326
8/27/2012,176.8303
8/24/2012,176.8241
8/23/2012,176.8216
8/22/2012,176.8189
8/21/2012,176.8165
8/20/2012,176.8147
8/17/2012,176.8081
8/16/2012,176.806
8/15/2012,176.8037
8/14/2012,176.8014
8/13/2012,176.7994
8/10/2012,176.7928
8/9/2012,176.7904
8/8/2012,176.7883
8/7/2012,176.786
8/6/2012,176.7833
8/3/2012,176.7769
8/2/2012,176.7746
8/1/2012,176.7724
7/31/2012,176.77
7/30/2012,176.7676
7/27/2012,176.7609
7/26/2012,176.7587
7/25/2012,176.7567
7/24/2012,176.7545
7/23/2012,176.7518
7/20/2012,176.745
7/19/2012,176.7426
7/18/2012,176.7402
7/17/2012,176.738
7/16/2012,176.7356
7/13/2012,176.7289
7/12/2012,176.7266
7/11/2012,176.7241
7/10/2012,176.7217
7/9/2012,176.7195
7/6/2012,176.7131
7/5/2012,176.7106
7/4/2012,176.7084
7/3/2012,176.706
7/2/2012,176.7038
6/29/2012,176.697
6/28/2012,176.6947
6/27/2012,176.6924
6/26/2012,176.6902
6/25/2012,176.6879
6/22/2012,176.681
6/21/2012,176.6779
6/20/2012,176.6756
6/19/2012,176.6733
6/18/2012,176.6711
6/15/2012,176.6642
6/14/2012,176.6619
6/13/2012,176.6597
6/12/2012,176.6575
6/11/2012,176.6553
6/8/2012,176.6484
6/7/2012,176.6461
6/6/2012,176.6438
6/5/2012,176.6415
6/4/2012,176.6393
6/1/2012,176.6324
5/31/2012,176.6303
5/30/2012,176.628
5/29/2012,176.6257
5/28/2012,176.6235
5/25/2012,176.6166
5/24/2012,176.6143
5/23/2012,176.612
5/22/2012,176.6097
5/21/2012,176.6074
5/18/2012,176.6005
5/17/2012,176.5982
5/16/2012,176.5959
5/15/2012,176.5938
5/14/2012,176.5916
5/11/2012,176.5846
5/10/2012,176.5822
5/9/2012,176.58
5/8/2012,176.5778
5/7/2012,176.5755
5/4/2012,176.5686
5/3/2012,176.5663
5/2/2012,176.564
5/1/2012,176.5617
4/30/2012,176.5594
4/27/2012,176.5526
4/26/2012,176.5503
4/25/2012,176.548
4/24/2012,176.5457
4/23/2012,176.5434
4/20/2012,176.5365
4/19/2012,176.5342
4/18/2012,176.5319
4/17/2012,176.5296
4/16/2012,176.5274
4/13/2012,176.5206
4/12/2012,176.5181
4/11/2012,176.5155
4/10/2012,176.5131
4/9/2012,176.5108
4/6/2012,176.5039
4/5/2012,176.5016
4/4/2012,176.4993
4/3/2012,176.497
4/2/2012,176.4948
3/30/2012,176.488
3/29/2012,176.4857
3/28/2012,176.4832
3/27/2012,176.4808
3/26/2012,176.4783
3/23/2012,176.4713
3/22/2012,176.4689
3/21/2012,176.4665
3/20/2012,176.4642
3/19/2012,176.4619
3/16/2012,176.455
3/15/2012,176.4526
3/14/2012,176.4503
3/13/2012,176.448
3/12/2012,176.4457
3/9/2012,176.4388
3/8/2012,176.4364
3/7/2012,176.4338
3/6/2012,176.4315
3/5/2012,176.4292
3/2/2012,176.422
3/1/2012,176.4191
2/29/2012,176.4163
2/28/2012,176.4135
2/27/2012,176.411
2/24/2012,176.4036
2/23/2012,176.4012
2/22/2012,176.3986
2/21/2012,176.396
2/20/2012,176.3936
2/17/2012,176.3864
2/16/2012,176.3839
2/15/2012,176.3812
2/14/2012,176.3783
2/13/2012,176.3751
2/10/2012,176.3671
2/9/2012,176.3636
2/8/2012,176.3606
2/7/2012,176.3572
2/6/2012,176.3539
2/3/2012,176.3457
2/2/2012,176.3426
2/1/2012,176.3389
1/31/2012,176.3357
1/30/2012,176.3322
1/27/2012,176.3233
1/26/2012,176.3203
1/25/2012,176.3171
1/24/2012,176.3138
1/23/2012,176.3109
1/20/2012,176.3025
1/19/2012,176.2996
1/18/2012,176.2967
1/17/2012,176.2938
1/16/2012,176.2907
1/13/2012,176.2817
1/12/2012,176.2779
1/11/2012,176.2738
1/10/2012,176.2705
1/9/2012,176.2676
1/6/2012,176.259
1/5/2012,176.256
1/4/2012,176.2533
1/3/2012,176.2504
1/2/2012,176.2478
12/30/2011,176.2393
12/29/2011,176.2364
12/28/2011,176.2338
12/27/2011,176.2317
12/26/2011,176.2289
12/23/2011,176.2204
12/22/2011,176.2178
12/21/2011,176.2155
12/20/2011,176.213
12/19/2011,176.2109
12/16/2011,176.2032
12/15/2011,176.201
12/14/2011,176.199
12/13/2011,176.1976
12/12/2011,176.1954
12/9/2011,176.1878
12/8/2011,176.1855
12/7/2011,176.1829
12/6/2011,176.1806
12/5/2011,176.1786
12/2/2011,176.1719
12/1/2011,176.1693
11/30/2011,176.1666
11/29/2011,176.1643
11/28/2011,176.1629
11/25/2011,176.1559
11/24/2011,176.1543
11/23/2011,176.1522
11/22/2011,176.1503
11/21/2011,176.1486
11/18/2011,176.1423
11/17/2011,176.1411
11/16/2011,176.1402
11/15/2011,176.1387
11/14/2011,176.1371
11/11/2011,176.1309
11/10/2011,176.1294
11/9/2011,176.1275
11/8/2011,176.1259
11/7/2011,176.1241
11/4/2011,176.1182
11/3/2011,176.1163
11/2/2011,176.1145
11/1/2011,176.1127
10/31/2011,176.1108
10/28/2011,176.1044
10/27/2011,176.1027
10/26/2011,176.1011
10/25/2011,176.0995
10/24/2011,176.0978
10/21/2011,176.0918
10/20/2011,176.0902
10/19/2011,176.0887
10/18/2011,176.0869
10/17/2011,176.0852
10/14/2011,176.0796
10/13/2011,176.0779
10/12/2011,176.0762
10/11/2011,176.0746
10/10/2011,176.073
10/7/2011,176.0676
10/6/2011,176.0662
10/5/2011,176.065
10/4/2011,176.0634
10/3/2011,176.062
9/30/2011,176.0569
9/29/2011,176.0553
9/28/2011,176.0539
9/27/2011,176.0526
9/26/2011,176.0512
9/23/2011,176.0464
9/22/2011,176.0451
9/21/2011,176.0438
9/20/2011,176.0424
9/19/2011,176.0409
9/16/2011,176.036
9/15/2011,176.0344
9/14/2011,176.0331
9/13/2011,176.0316
9/12/2011,176.0304
9/9/2011,176.0263
9/8/2011,176.0249
9/7/2011,176.0231
9/6/2011,176.0216
9/5/2011,176.0205
9/2/2011,176.0161
9/1/2011,176.0147
8/31/2011,176.0133
8/30/2011,176.0119
8/29/2011,176.0107
8/26/2011,176.006
8/25/2011,176.0048
8/24/2011,176.0039
8/23/2011,176.0028
8/22/2011,176.0019
8/19/2011,175.9981
8/18/2011,175.9975
8/17/2011,175.9963
8/16/2011,175.9953
8/15/2011,175.9939
8/12/2011,175.99
8/11/2011,175.9893
8/10/2011,175.9886
8/9/2011,175.9876
8/8/2011,175.987
8/5/2011,175.9833
8/4/2011,175.9824
8/3/2011,175.9812
8/2/2011,175.9807
8/1/2011,175.981
7/29/2011,175.9777
7/28/2011,175.9768
7/27/2011,175.9757
7/26/2011,175.9745
7/25/2011,175.9733
7/22/2011,175.9696
7/21/2011,175.9683
7/20/2011,175.9671
7/19/2011,175.966
7/18/2011,175.9649
7/15/2011,175.9613
7/14/2011,175.9601
7/13/2011,175.9589
7/12/2011,175.9577
7/11/2011,175.9569
7/8/2011,175.9533
7/7/2011,175.9521
7/6/2011,175.9509
7/5/2011,175.9498
7/4/2011,175.9485
7/1/2011,175.9449
6/30/2011,175.9437
6/29/2011,175.9425
6/28/2011,175.9413
6/27/2011,175.9401
6/24/2011,175.9364
6/23/2011,175.9352
6/22/2011,175.934
6/21/2011,175.9328
6/20/2011,175.9316
6/17/2011,175.928
6/16/2011,175.9267
6/15/2011,175.9257
6/14/2011,175.9245
6/13/2011,175.9229
6/10/2011,175.919
6/9/2011,175.9175
6/8/2011,175.9162
6/7/2011,175.9148
6/6/2011,175.9136
6/3/2011,175.9098
6/2/2011,175.9085
6/1/2011,175.9072
5/31/2011,175.9059
5/30/2011,175.9046
5/27/2011,175.9008
5/26/2011,175.8996
5/25/2011,175.8982
5/24/2011,175.8968
5/23/2011,175.8952
5/20/2011,175.8913
5/19/2011,175.8899
5/18/2011,175.8884
5/17/2011,175.8869
5/16/2011,175.8856
5/13/2011,175.8818
5/12/2011,175.8804
5/11/2011,175.8789
5/10/2011,175.8772
5/9/2011,175.8755
5/6/2011,175.8713
5/5/2011,175.8697
5/4/2011,175.8679
5/3/2011,175.8663
5/2/2011,175.8647
4/29/2011,175.8607
4/28/2011,175.8594
4/27/2011,175.858
4/26/2011,175.8567
4/25/2011,175.8551
4/22/2011,175.8511
4/21/2011,175.8498
4/20/2011,175.8484
4/19/2011,175.8471
4/18/2011,175.8457
4/15/2011,175.8416
4/14/2011,175.8399
4/13/2011,175.8379
4/12/2011,175.8359
4/11/2011,175.8341
4/8/2011,175.8294
4/7/2011,175.8269
4/6/2011,175.8248
4/5/2011,175.823
4/4/2011,175.8208
4/1/2011,175.8157
3/31/2011,175.8139
3/30/2011,175.8121
3/29/2011,175.8099
3/28/2011,175.8083
3/25/2011,175.8036
3/24/2011,175.802
3/23/2011,175.8005
3/22/2011,175.7987
3/21/2011,175.7971
3/18/2011,175.7924
3/17/2011,175.791
3/16/2011,175.7895
3/15/2011,175.788
3/14/2011,175.7865
3/11/2011,175.7818
3/10/2011,175.7802
3/9/2011,175.7784
3/8/2011,175.7769
3/7/2011,175.7753
3/4/2011,175.7707
3/3/2011,175.7692
3/2/2011,175.7677
3/1/2011,175.7662
2/28/2011,175.7646
2/25/2011,175.76
2/24/2011,175.7586
2/23/2011,175.7569
2/22/2011,175.7553
2/21/2011,175.7537
2/18/2011,175.7491
2/17/2011,175.7473
2/16/2011,175.7457
2/15/2011,175.7441
2/14/2011,175.7425
2/11/2011,175.7379
2/10/2011,175.7367
2/9/2011,175.7351
2/8/2011,175.7336
2/7/2011,175.7321
2/4/2011,175.7277
2/3/2011,175.7262
2/2/2011,175.7248
2/1/2011,175.7232
1/31/2011,175.7227
1/28/2011,175.7182
1/27/2011,175.7168
1/26/2011,175.7153
1/25/2011,175.7138
1/24/2011,175.7124
1/21/2011,175.708
1/20/2011,175.7065
1/19/2011,175.705
1/18/2011,175.7036
1/17/2011,175.702
1/14/2011,175.6976
1/13/2011,175.6961
1/12/2011,175.6946
1/11/2011,175.6932
1/10/2011,175.6917
1/7/2011,175.6873
1/6/2011,175.6858
1/5/2011,175.6843
1/4/2011,175.6829
1/3/2011,175.6814
12/31/2010,175.677
12/30/2010,175.6755
12/29/2010,175.674
12/28/2010,175.6725
12/27/2010,175.6711
12/24/2010,175.6666
12/23/2010,175.6651
12/22/2010,175.6637
12/21/2010,175.6622
12/20/2010,175.6607
12/17/2010,175.6562
12/16/2010,175.6547
12/15/2010,175.6536
12/14/2010,175.6521
12/13/2010,175.6507
12/10/2010,175.6463
12/9/2010,175.6445
12/8/2010,175.6431
12/7/2010,175.6415
12/6/2010,175.6398
12/3/2010,175.6353
12/2/2010,175.6338
12/1/2010,175.6324
11/30/2010,175.6316
11/29/2010,175.6309
11/26/2010,175.6269
11/25/2010,175.6259
11/24/2010,175.6251
11/23/2010,175.6243
11/22/2010,175.6229
11/19/2010,175.6187
11/18/2010,175.6173
11/17/2010,175.6159
11/16/2010,175.6145
11/15/2010,175.6132
11/12/2010,175.609
11/11/2010,175.6075
11/10/2010,175.6061
11/9/2010,175.6047
11/8/2010,175.6033
11/5/2010,175.5992
11/4/2010,175.5978
11/3/2010,175.5963
11/2/2010,175.5949
11/1/2010,175.5935
10/29/2010,175.5894
10/28/2010,175.5877
10/27/2010,175.5861
10/26/2010,175.5846
10/25/2010,175.5832
10/22/2010,175.5789
10/21/2010,175.5775
10/20/2010,175.5761
10/19/2010,175.5746
10/18/2010,175.5732
10/15/2010,175.5689
10/14/2010,175.5675
10/13/2010,175.5661
10/12/2010,175.5647
10/11/2010,175.5632
10/8/2010,175.559
10/7/2010,175.5576
10/6/2010,175.556
10/5/2010,175.5546
10/4/2010,175.5532
10/1/2010,175.5489
9/30/2010,175.5476
9/29/2010,175.5462
9/28/2010,175.5448
9/27/2010,175.5434
9/24/2010,175.5392
9/23/2010,175.5378
9/22/2010,175.5364
9/21/2010,175.5349
9/20/2010,175.5335
9/17/2010,175.5289
9/16/2010,175.5276
9/15/2010,175.5261
9/14/2010,175.5247
9/13/2010,175.5232
9/10/2010,175.519
9/9/2010,175.5175
9/8/2010,175.5161
9/7/2010,175.5147
9/6/2010,175.5132
9/3/2010,175.5089
9/2/2010,175.5073
9/1/2010,175.5058
8/31/2010,175.5043
8/30/2010,175.5027
8/27/2010,175.4983
8/26/2010,175.4966
8/25/2010,175.4944
8/24/2010,175.4923
8/23/2010,175.4894
8/20/2010,175.4831
8/19/2010,175.4804
8/18/2010,175.4781
8/17/2010,175.4756
8/16/2010,175.4725
8/13/2010,175.4661
8/12/2010,175.4631
8/11/2010,175.4598
8/10/2010,175.4558
8/9/2010,175.4527
8/6/2010,175.4457
8/5/2010,175.4427
8/4/2010,175.44
8/3/2010,175.4363
8/2/2010,175.4326
7/30/2010,175.4243
7/29/2010,175.4199
7/28/2010,175.4159
7/27/2010,175.4125
7/26/2010,175.4087
7/23/2010,175.4006
7/22/2010,175.3974
7/21/2010,175.3938
7/20/2010,175.3904
7/19/2010,175.3869
7/16/2010,175.3788
7/15/2010,175.3758
7/14/2010,175.3731
7/13/2010,175.3705
7/12/2010,175.368
7/9/2010,175.3602
7/8/2010,175.3575
7/7/2010,175.3543
7/6/2010,175.3515
7/5/2010,175.3489
7/2/2010,175.3408
7/1/2010,175.3382
6/30/2010,175.3354
6/29/2010,175.333
6/28/2010,175.3304
6/25/2010,175.3225
6/24/2010,175.3196
6/23/2010,175.3168
6/22/2010,175.3142
6/21/2010,175.3116
6/18/2010,175.3037
6/17/2010,175.3009
6/16/2010,175.2983
6/15/2010,175.2956
6/14/2010,175.293
6/11/2010,175.2851
6/10/2010,175.2826
6/9/2010,175.2799
6/8/2010,175.2773
6/7/2010,175.2746
6/4/2010,175.2668
6/3/2010,175.2639
6/2/2010,175.2613
6/1/2010,175.259
5/31/2010,175.2565
5/28/2010,175.2487
5/27/2010,175.2458
5/26/2010,175.2431
5/25/2010,175.2408
5/24/2010,175.242
5/21/2010,175.2363
5/20/2010,175.2351
5/19/2010,175.2336
5/18/2010,175.233
5/17/2010,175.2314
5/14/2010,175.2266
5/13/2010,175.2257
5/12/2010,175.2241
5/11/2010,175.2227
5/10/2010,175.2206
5/7/2010,175.213
5/6/2010,175.2227
5/5/2010,175.2232
5/4/2010,175.2227
5/3/2010,175.2222
4/30/2010,175.2171
4/29/2010,175.2161
4/28/2010,175.2159
4/27/2010,175.2161
4/26/2010,175.2152
4/23/2010,175.2111
4/22/2010,175.2102
4/21/2010,175.2093
4/20/2010,175.2084
4/19/2010,175.2073
4/16/2010,175.2031
4/15/2010,175.2016
4/14/2010,175.2004
4/13/2010,175.1993
4/12/2010,175.1984
4/9/2010,175.1943
4/8/2010,175.1936
4/7/2010,175.1918
4/6/2010,175.1905
4/5/2010,175.1897
4/2/2010,175.1854
4/1/2010,175.184
3/31/2010,175.1826
3/30/2010,175.1813
3/29/2010,175.18
3/26/2010,175.176
3/25/2010,175.1748
3/24/2010,175.1738
3/23/2010,175.1726
3/22/2010,175.1714
3/19/2010,175.168
3/18/2010,175.168
3/17/2010,175.1675
3/16/2010,175.1669
3/15/2010,175.1664
3/12/2010,175.1629
3/11/2010,175.1617
3/10/2010,175.1606
3/9/2010,175.1594
3/8/2010,175.1582
3/5/2010,175.1547
3/4/2010,175.1536
3/3/2010,175.1524
3/2/2010,175.1512
3/1/2010,175.15
2/26/2010,175.1462
2/25/2010,175.145
2/24/2010,175.1438
2/23/2010,175.1425
2/22/2010,175.1413
2/19/2010,175.1376
2/18/2010,175.1365
2/17/2010,175.1353
2/16/2010,175.1341
2/15/2010,175.1329
2/12/2010,175.129
2/11/2010,175.1279
2/10/2010,175.1269
2/9/2010,175.1257
2/8/2010,175.1245
2/5/2010,175.1209
2/4/2010,175.1197
2/3/2010,175.1185
2/2/2010,175.1169
2/1/2010,175.116
1/29/2010,175.1124
1/28/2010,175.1113
1/27/2010,175.1099
1/26/2010,175.1087
1/25/2010,175.1075
1/22/2010,175.1038
1/21/2010,175.1026
1/20/2010,175.1014
1/19/2010,175.1002
1/18/2010,175.099
1/15/2010,175.0947
1/14/2010,175.0935
1/13/2010,175.0923
1/12/2010,175.0911
1/11/2010,175.0898
1/8/2010,175.0862
1/7/2010,175.0853
1/6/2010,175.0839
1/5/2010,175.0823
1/4/2010,175.081
1/1/2010,175.078
12/31/2009,175.0768
12/30/2009,175.0756
12/29/2009,175.0744
12/28/2009,175.073
12/25/2009,175.0694
12/24/2009,175.0682
12/23/2009,175.067
12/22/2009,175.0658
12/21/2009,175.0646
12/18/2009,175.0608
12/17/2009,175.0594
12/16/2009,175.0581
12/15/2009,175.0569
12/14/2009,175.0556
12/11/2009,175.0517
12/10/2009,175.0503
12/9/2009,175.049
12/8/2009,175.0477
12/7/2009,175.0464
12/4/2009,175.0426
12/3/2009,175.0415
12/2/2009,175.0403
12/1/2009,175.039
11/30/2009,175.0376
11/27/2009,175.0341
11/26/2009,175.0329
11/25/2009,175.0316
11/24/2009,175.0297
11/23/2009,175.0282
11/20/2009,175.0244
11/19/2009,175.0226
11/18/2009,175.0211
11/17/2009,175.0195
11/16/2009,175.0181
11/13/2009,175.014
11/12/2009,175.0126
11/11/2009,175.0113
11/10/2009,175.01
11/9/2009,175.0086
11/6/2009,175.0042
11/5/2009,175.0027
11/4/2009,175.001
11/3/2009,174.9996
11/2/2009,174.9981
10/30/2009,174.9937
10/29/2009,174.9924
10/28/2009,174.9913
10/27/2009,174.9899
10/26/2009,174.9885
10/23/2009,174.9844
10/22/2009,174.983
10/21/2009,174.9815
10/20/2009,174.98
10/19/2009,174.9788
10/16/2009,174.9745
10/15/2009,174.9731
10/14/2009,174.9717
10/13/2009,174.9704
10/12/2009,174.9691
10/9/2009,174.9648
10/8/2009,174.9635
10/7/2009,174.9621
10/6/2009,174.9607
10/5/2009,174.9594
10/2/2009,174.9553
10/1/2009,174.9538
9/30/2009,174.9523
9/29/2009,174.9505
9/28/2009,174.9496
9/25/2009,174.9455
9/24/2009,174.9441
9/23/2009,174.9424
9/22/2009,174.9408
9/21/2009,174.9391
9/18/2009,174.9349
9/17/2009,174.9333
9/16/2009,174.9323
9/15/2009,174.9309
9/14/2009,174.9294
9/11/2009,174.9244
9/10/2009,174.9228
9/9/2009,174.9213
9/8/2009,174.9192
9/7/2009,174.9169
9/4/2009,174.9116
9/3/2009,174.9092
9/2/2009,174.9066
9/1/2009,174.9044
8/31/2009,174.9011
8/28/2009,174.8961
8/27/2009,174.8925
8/26/2009,174.8895
8/25/2009,174.8867
8/24/2009,174.8841
8/21/2009,174.8776
8/20/2009,174.8742
8/19/2009,174.8711
8/18/2009,174.8682
8/17/2009,174.8646
8/14/2009,174.8594
8/13/2009,174.8559
8/12/2009,174.8525
8/11/2009,174.8498
8/10/2009,174.8471
8/7/2009,174.8401
8/6/2009,174.8377
8/5/2009,174.835
8/4/2009,174.8323
8/3/2009,174.83
7/31/2009,174.822
7/30/2009,174.8188
7/29/2009,174.8155
7/28/2009,174.8128
7/27/2009,174.8095
7/24/2009,174.8017
7/23/2009,174.7992
7/22/2009,174.7968
7/21/2009,174.7941
7/20/2009,174.7914
7/17/2009,174.7841
7/16/2009,174.7807
7/15/2009,174.7779
7/14/2009,174.7753
7/13/2009,174.773
7/10/2009,174.7657
7/9/2009,174.7617
7/8/2009,174.757
7/7/2009,174.7523
7/6/2009,174.7483
7/3/2009,174.7393
7/2/2009,174.7341
7/1/2009,174.7302
6/30/2009,174.7262
6/29/2009,174.723
6/26/2009,174.7139
6/25/2009,174.7101
6/24/2009,174.7062
6/23/2009,174.7022
6/22/2009,174.6987
6/19/2009,174.6895
6/18/2009,174.6868
6/17/2009,174.6837
6/16/2009,174.6797
6/15/2009,174.6762
6/12/2009,174.666
6/11/2009,174.6616
6/10/2009,174.6573
6/9/2009,174.6531
6/8/2009,174.6495
6/5/2009,174.6424
6/4/2009,174.6399
6/3/2009,174.6353
6/2/2009,174.6305
6/1/2009,174.6266
5/29/2009,174.6161
5/28/2009,174.6121
5/27/2009,174.6085
5/26/2009,174.6063
5/25/2009,174.6034
5/22/2009,174.5939
5/21/2009,174.5904
5/20/2009,174.579
5/19/2009,174.5697
5/18/2009,174.5609
5/15/2009,174.5429
5/14/2009,174.5339
5/13/2009,174.5244
5/12/2009,174.5165
5/11/2009,174.509
5/8/2009,174.4911
5/7/2009,174.4827
5/6/2009,174.4744
5/5/2009,174.4674
5/4/2009,174.459
5/1/2009,174.4444
4/30/2009,174.4381
4/29/2009,174.4311
4/28/2009,174.4241
4/27/2009,174.4173
4/24/2009,174.3995
4/23/2009,174.3919
4/22/2009,174.385
4/21/2009,174.3794
4/20/2009,174.3741
4/17/2009,174.3577
4/16/2009,174.3519
4/15/2009,174.3457
4/14/2009,174.339
4/13/2009,174.3326
4/10/2009,174.3161
4/9/2009,174.3106
4/8/2009,174.3035
4/7/2009,174.2961
4/6/2009,174.2895
4/3/2009,174.2722
4/2/2009,174.2651
4/1/2009,174.2572
3/31/2009,174.2491
3/30/2009,174.2411
3/27/2009,174.2212
3/26/2009,174.2132
3/25/2009,174.2077
3/24/2009,174.2015
3/23/2009,174.1962
3/20/2009,174.178
3/19/2009,174.1716
3/18/2009,174.1571
3/17/2009,174.1486
3/16/2009,174.1416
3/13/2009,174.1221
3/12/2009,174.1149
3/11/2009,174.1078
3/10/2009,174.1004
3/9/2009,174.0969
3/6/2009,174.0818
3/5/2009,174.0774
3/4/2009,174.073
3/3/2009,174.0684
3/2/2009,174.0638
2/27/2009,174.0461
2/26/2009,174.0401
2/25/2009,174.0361
2/24/2009,174.0311
2/23/2009,174.0255
2/20/2009,174.0076
2/19/2009,174.0011
2/18/2009,173.9953
2/17/2009,173.99
2/16/2009,173.9842
2/13/2009,173.9673
2/12/2009,173.9621
2/11/2009,173.9563
2/10/2009,173.9521
2/9/2009,173.9456
2/6/2009,173.9257
2/5/2009,173.9196
2/4/2009,173.9142
2/3/2009,173.9086
2/2/2009,173.9042
1/30/2009,173.8936
1/29/2009,173.89
1/28/2009,173.8842
1/27/2009,173.877
1/26/2009,173.8715
1/23/2009,173.8569
1/22/2009,173.8531
1/21/2009,173.8548
1/20/2009,173.8503
1/19/2009,173.843
1/16/2009,173.8248
1/15/2009,173.8288
1/14/2009,173.8242
1/13/2009,173.8172
1/12/2009,173.8022
1/9/2009,173.7699
1/8/2009,173.7488
1/7/2009,173.7347
1/6/2009,173.7245
1/5/2009,173.716
1/2/2009,173.6961
1/1/2009,173.6874
12/31/2008,173.6805
12/30/2008,173.6713
12/29/2008,173.6604
12/26/2008,173.6367
12/25/2008,173.6295
12/24/2008,173.6225
12/23/2008,173.6151
12/22/2008,173.6087
12/19/2008,173.5824
12/18/2008,173.5675
12/17/2008,173.5469
12/16/2008,173.4759
12/15/2008,173.457
12/12/2008,173.4157
12/11/2008,173.3841
12/10/2008,173.3409
12/9/2008,173.3073
12/8/2008,173.2807
12/5/2008,173.2467
12/4/2008,173.2348
12/3/2008,173.2222
12/2/2008,173.2099
12/1/2008,173.1972
11/28/2008,173.1666
11/27/2008,173.1586
11/26/2008,173.1766
11/25/2008,173.1635
11/24/2008,173.1582
11/21/2008,173.1292
11/20/2008,173.1182
11/19/2008,173.1045
11/18/2008,173.0842
11/17/2008,173.0688
11/14/2008,173.0364
11/13/2008,173.0422
11/12/2008,173.0361
11/11/2008,173.0163
11/10/2008,172.9931
11/7/2008,172.947
11/6/2008,172.9123
11/5/2008,172.8667
11/4/2008,172.8103
11/3/2008,172.7628
10/31/2008,172.6777
10/30/2008,172.6198
10/29/2008,172.5608
10/28/2008,172.5339
10/27/2008,172.5079
10/24/2008,172.4546
10/23/2008,172.4346
10/22/2008,172.4166
10/21/2008,172.3363
10/20/2008,172.2686
10/17/2008,172.1255
10/16/2008,172.0844
10/15/2008,172.0492
10/14/2008,172.0072
10/13/2008,171.9646
10/10/2008,171.8862
10/9/2008,171.8813
10/8/2008,171.9059
10/7/2008,171.9237
10/6/2008,171.9105
10/3/2008,171.842
10/2/2008,171.8436
10/1/2008,171.8349
9/30/2008,171.8343
9/29/2008,171.8577
9/26/2008,171.8153
9/25/2008,171.7958
9/24/2008,171.8392
9/23/2008,171.8773
9/22/2008,171.8672
9/19/2008,171.8174
9/18/2008,171.8036
9/17/2008,171.8205
9/16/2008,171.8569
9/15/2008,171.8717
9/12/2008,171.8318
9/11/2008,171.8183
9/10/2008,171.8049
9/9/2008,171.7913
9/8/2008,171.7781
9/5/2008,171.7386
9/4/2008,171.7251
9/3/2008,171.7117
9/2/2008,171.6987
9/1/2008,171.6858
8/29/2008,171.6457
8/28/2008,171.6323
8/27/2008,171.62
8/26/2008,171.6066
8/25/2008,171.593
8/22/2008,171.553
8/21/2008,171.5395
8/20/2008,171.5262
8/19/2008,171.513
8/18/2008,171.4998
8/15/2008,171.4605
8/14/2008,171.4474
8/13/2008,171.4344
8/12/2008,171.4212
8/11/2008,171.4082
8/8/2008,171.3686
8/7/2008,171.3553
8/6/2008,171.3421
8/5/2008,171.3289
8/4/2008,171.3163
8/1/2008,171.2771
7/31/2008,171.2639
7/30/2008,171.2494
7/29/2008,171.2365
7/28/2008,171.2236
7/25/2008,171.1846
7/24/2008,171.1706
7/23/2008,171.1566
7/22/2008,171.1439
7/21/2008,171.1304
7/18/2008,171.092
7/17/2008,171.0791
7/16/2008,171.0662
7/15/2008,171.0524
7/14/2008,171.0392
7/11/2008,170.9997
7/10/2008,170.9868
7/9/2008,170.9731
7/8/2008,170.96
7/7/2008,170.9467
7/4/2008,170.9073
7/3/2008,170.894
7/2/2008,170.8807
7/1/2008,170.8683
6/30/2008,170.8557
6/27/2008,170.8141
6/26/2008,170.799
6/25/2008,170.7847
6/24/2008,170.7712
6/23/2008,170.7585
6/20/2008,170.7191
6/19/2008,170.706
6/18/2008,170.6926
6/17/2008,170.6785
6/16/2008,170.665
6/13/2008,170.6251
6/12/2008,170.6173
6/11/2008,170.6027
6/10/2008,170.5899
6/9/2008,170.5921
6/6/2008,170.5531
6/5/2008,170.5425
6/4/2008,170.5303
6/3/2008,170.5175
6/2/2008,170.5041
5/30/2008,170.4653
5/29/2008,170.4527
5/28/2008,170.4499
5/27/2008,170.4382
5/26/2008,170.4252
5/23/2008,170.3878
5/22/2008,170.3754
5/21/2008,170.3619
5/20/2008,170.3444
5/19/2008,170.3276
5/16/2008,170.2851
5/15/2008,170.2676
5/14/2008,170.2539
5/13/2008,170.2451
5/12/2008,170.231
5/9/2008,170.1906
5/8/2008,170.1709
5/7/2008,170.1528
5/6/2008,170.1324
5/5/2008,170.116
5/2/2008,170.0769
5/1/2008,170.0593
4/30/2008,170.0309
4/29/2008,170.0125
4/28/2008,169.9925
4/25/2008,169.9483
4/24/2008,169.9349
4/23/2008,169.9189
4/22/2008,169.905
4/21/2008,169.8912
4/18/2008,169.8538
4/17/2008,169.8582
4/16/2008,169.8615
4/15/2008,169.8523
4/14/2008,169.8409
4/11/2008,169.8017
4/10/2008,169.7891
4/9/2008,169.7747
4/8/2008,169.7631
4/7/2008,169.7501
4/4/2008,169.7088
4/3/2008,169.6955
4/2/2008,169.689
4/1/2008,169.679
3/31/2008,169.6657
3/28/2008,169.626
3/27/2008,169.614
3/26/2008,169.6069
3/25/2008,169.5986
3/24/2008,169.5963
3/21/2008,169.5596
3/20/2008,169.5474
3/19/2008,169.5369
3/18/2008,169.5376
3/17/2008,169.5193
3/14/2008,169.4388
3/13/2008,169.4181
3/12/2008,169.3939
3/11/2008,169.3759
3/10/2008,169.3541
3/7/2008,169.3015
3/6/2008,169.2766
3/5/2008,169.26
3/4/2008,169.2448
3/3/2008,169.2299
2/29/2008,169.1805
2/28/2008,169.1631
2/27/2008,169.1469
2/26/2008,169.1315
2/25/2008,169.1172
2/22/2008,169.0755
2/21/2008,169.0582
2/20/2008,169.0471
2/19/2008,169.0341
2/18/2008,169.0195
2/15/2008,168.976
2/14/2008,168.9622
2/13/2008,168.9471
2/12/2008,168.9317
2/11/2008,168.9164
2/8/2008,168.8696
2/7/2008,168.8532
2/6/2008,168.8329
2/5/2008,168.8116
2/4/2008,168.8021
2/1/2008,168.768
1/31/2008,168.7511
1/30/2008,168.7096
1/29/2008,168.693
1/28/2008,168.676
1/25/2008,168.6212
1/24/2008,168.6157
1/23/2008,168.5816
1/22/2008,168.4821
1/21/2008,168.4379
1/18/2008,168.3621
1/17/2008,168.3377
1/16/2008,168.3137
1/15/2008,168.2871
1/14/2008,168.256
1/11/2008,168.1602
1/10/2008,168.118
1/9/2008,168.0847
1/8/2008,168.0528
1/7/2008,168.025
1/4/2008,167.9449
1/3/2008,167.9181
1/2/2008,167.8896
1/1/2008,167.8634
12/31/2007,167.8418
12/28/2007,167.7703
12/27/2007,167.7151
12/26/2007,167.6904
12/25/2007,167.668
12/24/2007,167.6456
12/21/2007,167.5756
12/20/2007,167.5465
12/19/2007,167.5177
12/18/2007,167.4916
12/17/2007,167.4655
12/14/2007,167.3909
12/13/2007,167.3621
12/12/2007,167.3236
12/11/2007,167.2866
12/10/2007,167.2583
12/7/2007,167.1859
12/6/2007,167.1608
12/5/2007,167.1359
12/4/2007,167.1123
12/3/2007,167.0904
11/30/2007,167.0215
11/29/2007,167.0002
11/28/2007,167.0062
11/27/2007,166.9864
11/26/2007,166.9651
11/23/2007,166.8973
11/22/2007,166.8761
11/21/2007,166.8559
11/20/2007,166.8354
11/19/2007,166.8158
11/16/2007,166.7541
11/15/2007,166.7409
11/14/2007,166.7242
11/13/2007,166.7034
11/12/2007,166.6806
11/9/2007,166.6117
11/8/2007,166.588
11/7/2007,166.5637
11/6/2007,166.5411
11/5/2007,166.5222
11/2/2007,166.4555
11/1/2007,166.4305
10/31/2007,166.4049
10/30/2007,166.3796
10/29/2007,166.3624
10/26/2007,166.2861
10/25/2007,166.2563
10/24/2007,166.2223
10/23/2007,166.1954
10/22/2007,166.1681
10/19/2007,166.0859
10/18/2007,166.0546
10/17/2007,166.0268
10/16/2007,166.0007
10/15/2007,165.9751
10/12/2007,165.9005
10/11/2007,165.8717
10/10/2007,165.8458
10/9/2007,165.8211
10/8/2007,165.7964
10/5/2007,165.725
10/4/2007,165.7007
10/3/2007,165.6766
10/2/2007,165.6527
10/1/2007,165.63
9/28/2007,165.558
9/27/2007,165.5336
9/26/2007,165.5117
9/25/2007,165.4878
9/24/2007,165.464
9/21/2007,165.3923
9/20/2007,165.3675
9/19/2007,165.3396
9/18/2007,165.2421
9/17/2007,165.2147
9/14/2007,165.1228
9/13/2007,165.0786
9/12/2007,165.0481
9/11/2007,165.0219
9/10/2007,164.9957
9/7/2007,164.9136
9/6/2007,164.8879
9/5/2007,164.8625
9/4/2007,164.8409
9/3/2007,164.8214
8/31/2007,164.7535
8/30/2007,164.7374
8/29/2007,164.7258
8/28/2007,164.7094
8/27/2007,164.6852
8/24/2007,164.6102
8/23/2007,164.5851
8/22/2007,164.5613
8/21/2007,164.5368
8/20/2007,164.5118
8/17/2007,164.4354
8/16/2007,164.4067
8/15/2007,164.3778
8/14/2007,164.3502
8/13/2007,164.3199
8/10/2007,164.2411
8/9/2007,164.2325
8/8/2007,164.239
8/7/2007,164.2185
8/6/2007,164.1948
8/3/2007,164.1214
8/2/2007,164.0972
8/1/2007,164.0733
7/31/2007,164.0499
7/30/2007,164.0258
7/27/2007,163.953
7/26/2007,163.9286
7/25/2007,163.9044
7/24/2007,163.8802
7/23/2007,163.8559
7/20/2007,163.7833
7/19/2007,163.759
7/18/2007,163.7348
7/17/2007,163.7106
7/16/2007,163.6864
7/13/2007,163.6138
7/12/2007,163.5896
7/11/2007,163.5654
7/10/2007,163.5413
7/9/2007,163.5171
7/6/2007,163.4446
7/5/2007,163.4204
7/4/2007,163.3962
7/3/2007,163.3721
7/2/2007,163.3479
6/29/2007,163.2754
6/28/2007,163.2513
6/27/2007,163.2271
6/26/2007,163.203
6/25/2007,163.1788
6/22/2007,163.1065
6/21/2007,163.0824
6/20/2007,163.0582
6/19/2007,163.0341
6/18/2007,163.01
6/15/2007,162.9377
6/14/2007,162.9136
6/13/2007,162.8895
6/12/2007,162.8655
6/11/2007,162.8414
6/8/2007,162.7692
6/7/2007,162.7451
6/6/2007,162.721
6/5/2007,162.697
6/4/2007,162.6729
6/1/2007,162.6008
5/31/2007,162.5767
5/30/2007,162.5527
5/29/2007,162.5287
5/28/2007,162.5046
5/25/2007,162.4326
5/24/2007,162.4086
5/23/2007,162.3845
5/22/2007,162.3605
5/21/2007,162.3365
5/18/2007,162.2645
5/17/2007,162.2405
5/16/2007,162.2165
5/15/2007,162.1926
5/14/2007,162.1686
5/11/2007,162.0966
5/10/2007,162.0727
5/9/2007,162.0488
5/8/2007,162.0249
5/7/2007,162.001
5/4/2007,161.9292
5/3/2007,161.9053
5/2/2007,161.8815
5/1/2007,161.8576
4/30/2007,161.8336
4/27/2007,161.7618
4/26/2007,161.738
4/25/2007,161.7141
4/24/2007,161.6902
4/23/2007,161.6663
4/20/2007,161.5947
4/19/2007,161.5708
4/18/2007,161.5467
4/17/2007,161.5227
4/16/2007,161.4989
4/13/2007,161.4274
4/12/2007,161.4036
4/11/2007,161.3798
4/10/2007,161.356
4/9/2007,161.3324
4/6/2007,161.261
4/5/2007,161.2372
4/4/2007,161.2134
4/3/2007,161.1896
4/2/2007,161.1658
3/30/2007,161.0945
3/29/2007,161.0708
3/28/2007,161.047
3/27/2007,161.0232
3/26/2007,160.9994
3/23/2007,160.9284
3/22/2007,160.9049
3/21/2007,160.8807
3/20/2007,160.8569
3/19/2007,160.8332
3/16/2007,160.762
3/15/2007,160.7383
3/14/2007,160.7146
3/13/2007,160.6905
3/12/2007,160.6668
3/9/2007,160.5974
3/8/2007,160.5738
3/7/2007,160.5501
3/6/2007,160.5265
3/5/2007,160.5038
3/2/2007,160.4309
3/1/2007,160.4072
2/28/2007,160.3832
2/27/2007,160.3581
2/26/2007,160.3344
2/23/2007,160.2633
2/22/2007,160.2396
2/21/2007,160.2159
2/20/2007,160.1922
2/19/2007,160.1685
2/16/2007,160.0975
2/15/2007,160.0738
2/14/2007,160.0501
2/13/2007,160.0264
2/12/2007,160.0028
2/9/2007,159.9318
2/8/2007,159.9081
2/7/2007,159.8845
2/6/2007,159.8608
2/5/2007,159.8372
2/2/2007,159.7663
2/1/2007,159.7427
1/31/2007,159.7191
1/30/2007,159.6955
1/29/2007,159.6719
1/26/2007,159.601
1/25/2007,159.5775
1/24/2007,159.5538
1/23/2007,159.5304
1/22/2007,159.5068
1/19/2007,159.436
1/18/2007,159.4123
1/17/2007,159.3888
1/16/2007,159.3652
1/15/2007,159.3416
1/12/2007,159.2709
1/11/2007,159.2474
1/10/2007,159.2238
1/9/2007,159.2002
1/8/2007,159.1767
1/5/2007,159.1061
1/4/2007,159.0826
1/3/2007,159.0591
1/2/2007,159.0355
1/1/2007,159.0119
12/29/2006,158.9415
12/28/2006,158.9177
12/27/2006,158.8924
12/26/2006,158.8689
12/25/2006,158.8454
12/22/2006,158.7749
12/21/2006,158.7513
12/20/2006,158.7278
12/19/2006,158.7043
12/18/2006,158.6808
12/15/2006,158.6104
12/14/2006,158.5872
12/13/2006,158.5638
12/12/2006,158.5403
12/11/2006,158.5169
12/8/2006,158.4468
12/7/2006,158.4236
12/6/2006,158.4004
12/5/2006,158.377
12/4/2006,158.3533
12/1/2006,158.2816
11/30/2006,158.2579
11/29/2006,158.2346
11/28/2006,158.2126
11/27/2006,158.1892
11/24/2006,158.1189
11/23/2006,158.0954
11/22/2006,158.072
11/21/2006,158.0486
11/20/2006,158.0252
11/17/2006,157.9547
11/16/2006,157.9312
11/15/2006,157.9079
11/14/2006,157.8844
11/13/2006,157.8611
11/10/2006,157.7908
11/9/2006,157.7673
11/8/2006,157.744
11/7/2006,157.7206
11/6/2006,157.6972
11/3/2006,157.6274
11/2/2006,157.6042
11/1/2006,157.5807
10/31/2006,157.5573
10/30/2006,157.5341
10/27/2006,157.4646
10/26/2006,157.4412
10/25/2006,157.4176
10/24/2006,157.3943
10/23/2006,157.3711
10/20/2006,157.3012
10/19/2006,157.278
10/18/2006,157.2546
10/17/2006,157.2313
10/16/2006,157.208
10/13/2006,157.1381
10/12/2006,157.1148
10/11/2006,157.0916
10/10/2006,157.0684
10/9/2006,157.0452
10/6/2006,156.9754
10/5/2006,156.9523
10/4/2006,156.9289
10/3/2006,156.9056
10/2/2006,156.8823
9/29/2006,156.8125
9/28/2006,156.7892
9/27/2006,156.7661
9/26/2006,156.7431
9/25/2006,156.7196
9/22/2006,156.6498
9/21/2006,156.6244
9/20/2006,156.6014
9/19/2006,156.5778
9/18/2006,156.5545
9/15/2006,156.4847
9/14/2006,156.4614
9/13/2006,156.4381
9/12/2006,156.4149
9/11/2006,156.3916
9/8/2006,156.3219
9/7/2006,156.2986
9/6/2006,156.2754
9/5/2006,156.2521
9/4/2006,156.2289
9/1/2006,156.1592
8/31/2006,156.1356
8/30/2006,156.1122
8/29/2006,156.089
8/28/2006,156.0658
8/25/2006,155.996
8/24/2006,155.9729
8/23/2006,155.9498
8/22/2006,155.9266
8/21/2006,155.9035
8/18/2006,155.8335
8/17/2006,155.811
8/16/2006,155.7856
8/15/2006,155.7606
8/14/2006,155.7382
8/11/2006,155.6696
8/10/2006,155.6466
8/9/2006,155.6233
8/8/2006,155.5922
8/7/2006,155.5697
8/4/2006,155.4885
8/3/2006,155.468
8/2/2006,155.4467
8/1/2006,155.424
7/31/2006,155.4007
7/28/2006,155.3269
7/27/2006,155.304
7/26/2006,155.2792
7/25/2006,155.2565
7/24/2006,155.2335
7/21/2006,155.1642
7/20/2006,155.1367
7/19/2006,155.1132
7/18/2006,155.0922
7/17/2006,155.0704
7/14/2006,154.9996
7/13/2006,154.9749
7/12/2006,154.9529
7/11/2006,154.9296
7/10/2006,154.9062
7/7/2006,154.8354
7/6/2006,154.8123
7/5/2006,154.7914
7/4/2006,154.7685
7/3/2006,154.7458
6/30/2006,154.6753
6/29/2006,154.6479
6/28/2006,154.6257
6/27/2006,154.6022
6/26/2006,154.5806
6/23/2006,154.5119
6/22/2006,154.4915
6/21/2006,154.4717
6/20/2006,154.4505
6/19/2006,154.4296
6/16/2006,154.3624
6/15/2006,154.3427
6/14/2006,154.33
6/13/2006,154.3091
6/12/2006,154.2886
6/9/2006,154.2225
6/8/2006,154.2017
6/7/2006,154.1829
6/6/2006,154.1623
6/5/2006,154.1446
6/2/2006,154.0733
6/1/2006,154.0512
5/31/2006,154.0345
5/30/2006,154.0134
5/29/2006,153.9925
5/26/2006,153.9259
5/25/2006,153.9046
5/24/2006,153.8841
5/23/2006,153.8624
5/22/2006,153.8405
5/19/2006,153.7758
5/18/2006,153.7542
5/17/2006,153.7338
5/16/2006,153.712
5/15/2006,153.6903
5/12/2006,153.6245
5/11/2006,153.6027
5/10/2006,153.5819
5/9/2006,153.5602
5/8/2006,153.5384
5/5/2006,153.4728
5/4/2006,153.4524
5/3/2006,153.4327
5/2/2006,153.412
5/1/2006,153.3927
4/28/2006,153.3275
4/27/2006,153.3052
4/26/2006,153.288
4/25/2006,153.2688
4/24/2006,153.2489
4/21/2006,153.1853
4/20/2006,153.1655
4/19/2006,153.1476
4/18/2006,153.1262
4/17/2006,153.1062
4/14/2006,153.0418
4/13/2006,153.0204
4/12/2006,153.0003
4/11/2006,152.9828
4/10/2006,152.9633
4/7/2006,152.9016
4/6/2006,152.8812
4/5/2006,152.862
4/4/2006,152.8417
4/3/2006,152.8223
3/31/2006,152.7592
3/30/2006,152.7396
3/29/2006,152.7196
3/28/2006,152.7014
3/27/2006,152.6806
3/24/2006,152.6177
3/23/2006,152.598
3/22/2006,152.5796
3/21/2006,152.5606
3/20/2006,152.5409
3/17/2006,152.4803
3/16/2006,152.4597
3/15/2006,152.4425
3/14/2006,152.4224
3/13/2006,152.4028
3/10/2006,152.3427
3/9/2006,152.3239
3/8/2006,152.3075
3/7/2006,152.2887
3/6/2006,152.2693
3/3/2006,152.2101
3/2/2006,152.1916
3/1/2006,152.1741
2/28/2006,152.1538
2/27/2006,152.134
2/24/2006,152.0757
2/23/2006,152.058
2/22/2006,152.0405
2/21/2006,152.0211
2/20/2006,152.0014
2/17/2006,151.9418
2/16/2006,151.9216
2/15/2006,151.9039
2/14/2006,151.8839
2/13/2006,151.8642
2/10/2006,151.8055
2/9/2006,151.7866
2/8/2006,151.7689
2/7/2006,151.7491
2/6/2006,151.7296
2/3/2006,151.6715
2/2/2006,151.6517
2/1/2006,151.6341
1/31/2006,151.6152
1/30/2006,151.5959
1/27/2006,151.5396
1/26/2006,151.5217
1/25/2006,151.506
1/24/2006,151.4881
1/23/2006,151.4696
1/20/2006,151.4131
1/19/2006,151.3954
1/18/2006,151.3787
1/17/2006,151.3598
1/16/2006,151.3412
1/13/2006,151.2845
1/12/2006,151.2654
1/11/2006,151.2502
1/10/2006,151.2321
1/9/2006,151.2142
1/6/2006,151.1594
1/5/2006,151.1404
1/4/2006,151.1237
1/3/2006,151.1044
1/2/2006,151.0866
12/30/2005,151.0302
12/29/2005,151.0126
12/28/2005,150.9939
12/27/2005,150.9758
12/26/2005,150.957
12/23/2005,150.9004
12/22/2005,150.8819
12/21/2005,150.8656
12/20/2005,150.8472
12/19/2005,150.8286
12/16/2005,150.7723
12/15/2005,150.754
12/14/2005,150.7362
12/13/2005,150.7175
12/12/2005,150.6993
12/9/2005,150.6447
12/8/2005,150.6263
12/7/2005,150.6118
12/6/2005,150.5938
12/5/2005,150.5765
12/2/2005,150.5222
12/1/2005,150.5052
11/30/2005,150.4904
11/29/2005,150.4735
11/28/2005,150.4599
11/25/2005,150.4066
11/24/2005,150.3889
11/23/2005,150.3726
11/22/2005,150.3539
11/21/2005,150.3386
11/18/2005,150.2853
11/17/2005,150.2677
11/16/2005,150.2518
11/15/2005,150.2353
11/14/2005,150.2196
11/11/2005,150.1656
11/10/2005,150.1483
11/9/2005,150.1307
11/8/2005,150.1161
11/7/2005,150.0998
11/4/2005,150.0466
11/3/2005,150.0298
11/2/2005,150.0138
11/1/2005,149.998
10/31/2005,149.9806
10/28/2005,149.9291
10/27/2005,149.9156
10/26/2005,149.9007
10/25/2005,149.8857
10/24/2005,149.8696
10/21/2005,149.8189
10/20/2005,149.8025
10/19/2005,149.7904
10/18/2005,149.7744
10/17/2005,149.7583
10/14/2005,149.7082
10/13/2005,149.6929
10/12/2005,149.6796
10/11/2005,149.6637
10/10/2005,149.6476
10/7/2005,149.5973
10/6/2005,149.5808
10/5/2005,149.568
10/4/2005,149.5521
10/3/2005,149.5376
9/30/2005,149.4887
9/29/2005,149.4736
9/28/2005,149.4615
9/27/2005,149.4464
9/26/2005,149.4312
9/23/2005,149.3854
9/22/2005,149.3702
9/21/2005,149.3542
9/20/2005,149.3426
9/19/2005,149.3272
9/16/2005,149.283
9/15/2005,149.268
9/14/2005,149.2547
9/13/2005,149.24
9/12/2005,149.2268
9/9/2005,149.1805
9/8/2005,149.167
9/7/2005,149.1572
9/6/2005,149.1426
9/5/2005,149.1289
9/2/2005,149.0845
9/1/2005,149.0569
8/31/2005,149.0419
8/30/2005,149.0264
8/29/2005,149.013
8/26/2005,148.9654
8/25/2005,148.9495
8/24/2005,148.9378
8/23/2005,148.9222
8/22/2005,148.9072
8/19/2005,148.8618
8/18/2005,148.8468
8/17/2005,148.8342
8/16/2005,148.8192
8/15/2005,148.8043
8/12/2005,148.7591
8/11/2005,148.7435
8/10/2005,148.7303
8/9/2005,148.7147
8/8/2005,148.7003
8/5/2005,148.6561
8/4/2005,148.6415
8/3/2005,148.629
8/2/2005,148.6158
8/1/2005,148.6022
7/29/2005,148.559
7/28/2005,148.5454
7/27/2005,148.5336
7/26/2005,148.5204
7/25/2005,148.5062
7/22/2005,148.4625
7/21/2005,148.4482
7/20/2005,148.4367
7/19/2005,148.4233
7/18/2005,148.41
7/15/2005,148.3664
7/14/2005,148.3527
7/13/2005,148.3408
7/12/2005,148.3281
7/11/2005,148.3141
7/8/2005,148.2727
7/7/2005,148.2593
7/6/2005,148.2449
7/5/2005,148.2314
7/4/2005,148.2173
7/1/2005,148.1756
6/30/2005,148.162
6/29/2005,148.15
6/28/2005,148.1378
6/27/2005,148.125
6/24/2005,148.0827
6/23/2005,148.0701
6/22/2005,148.0595
6/21/2005,148.0459
6/20/2005,148.0339
6/17/2005,147.9926
6/16/2005,147.9803
6/15/2005,147.9696
6/14/2005,147.9569
6/13/2005,147.9445
6/10/2005,147.9039
6/9/2005,147.8916
6/8/2005,147.8813
6/7/2005,147.8688
6/6/2005,147.8557
6/3/2005,147.8158
6/2/2005,147.8036
6/1/2005,147.7913
5/31/2005,147.7796
5/30/2005,147.7683
5/27/2005,147.7275
5/26/2005,147.7156
5/25/2005,147.7038
5/24/2005,147.6912
5/23/2005,147.6781
5/20/2005,147.638
5/19/2005,147.6248
5/18/2005,147.6127
5/17/2005,147.6005
5/16/2005,147.5872
5/13/2005,147.5472
5/12/2005,147.5343
5/11/2005,147.5223
5/10/2005,147.51
5/9/2005,147.4967
5/6/2005,147.459
5/5/2005,147.4459
5/4/2005,147.434
5/3/2005,147.4214
5/2/2005,147.4092
4/29/2005,147.3698
4/28/2005,147.3571
4/27/2005,147.3476
4/26/2005,147.3353
4/25/2005,147.3243
4/22/2005,147.287
4/21/2005,147.2759
4/20/2005,147.2656
4/19/2005,147.2528
4/18/2005,147.2408
4/15/2005,147.2025
4/14/2005,147.1902
4/13/2005,147.1794
4/12/2005,147.167
4/11/2005,147.1559
4/8/2005,147.1194
4/7/2005,147.1072
4/6/2005,147.0966
4/5/2005,147.084
4/4/2005,147.0732
4/1/2005,147.0351
3/31/2005,147.0226
3/30/2005,147.0133
3/29/2005,147.0024
3/28/2005,146.99
3/25/2005,146.9523
3/24/2005,146.9398
3/23/2005,146.9277
3/22/2005,146.9188
3/21/2005,146.9076
3/18/2005,146.8706
3/17/2005,146.8582
3/16/2005,146.8488
3/15/2005,146.838
3/14/2005,146.8276
3/11/2005,146.7927
3/10/2005,146.7824
3/9/2005,146.7759
3/8/2005,146.7645
3/7/2005,146.7543
3/4/2005,146.7192
3/3/2005,146.7084
3/2/2005,146.6999
3/1/2005,146.6894
2/28/2005,146.6776
2/25/2005,146.6446
2/24/2005,146.6358
2/23/2005,146.6275
2/22/2005,146.6174
2/21/2005,146.6076
2/18/2005,146.5747
2/17/2005,146.5633
2/16/2005,146.5555
2/15/2005,146.5454
2/14/2005,146.5346
2/11/2005,146.5016
2/10/2005,146.4906
2/9/2005,146.4811
2/8/2005,146.4704
2/7/2005,146.4594
2/4/2005,146.4258
2/3/2005,146.4146
2/2/2005,146.4062
2/1/2005,146.395
1/31/2005,146.384
1/28/2005,146.352
1/27/2005,146.343
1/26/2005,146.3351
1/25/2005,146.3259
1/24/2005,146.3155
1/21/2005,146.2836
1/20/2005,146.2752
1/19/2005,146.2671
1/18/2005,146.2573
1/17/2005,146.2465
1/14/2005,146.2164
1/13/2005,146.2056
1/12/2005,146.199
1/11/2005,146.1901
1/10/2005,146.1801
1/7/2005,146.1502
1/6/2005,146.1401
1/5/2005,146.1328
1/4/2005,146.1248
1/3/2005,146.1147
12/31/2004,146.0838
12/30/2004,146.0751
12/29/2004,146.0639
12/28/2004,146.0544
12/27/2004,146.0441
12/24/2004,146.0131
12/23/2004,146.0031
12/22/2004,145.9944
12/21/2004,145.9844
12/20/2004,145.9748
12/17/2004,145.9444
12/16/2004,145.9357
12/15/2004,145.9268
12/14/2004,145.9169
12/13/2004,145.9079
12/10/2004,145.8794
12/9/2004,145.8708
12/8/2004,145.8631
12/7/2004,145.855
12/6/2004,145.8471
12/3/2004,145.8187
12/2/2004,145.8097
12/1/2004,145.804
11/30/2004,145.7959
11/29/2004,145.7879
11/26/2004,145.7623
11/25/2004,145.7549
11/24/2004,145.7478
11/23/2004,145.7383
11/22/2004,145.7318
11/19/2004,145.7056
11/18/2004,145.6974
11/17/2004,145.6902
11/16/2004,145.6824
11/15/2004,145.6753
11/12/2004,145.6492
11/11/2004,145.6402
11/10/2004,145.6338
11/9/2004,145.6247
11/8/2004,145.6173
11/5/2004,145.5956
11/4/2004,145.5884
11/3/2004,145.5823
11/2/2004,145.5753
11/1/2004,145.5691
10/29/2004,145.5453
10/28/2004,145.538
10/27/2004,145.5382
10/26/2004,145.5311
10/25/2004,145.5238
10/22/2004,145.4993
10/21/2004,145.4925
10/20/2004,145.4874
10/19/2004,145.4803
10/18/2004,145.472
10/15/2004,145.4491
10/14/2004,145.4408
10/13/2004,145.4344
10/12/2004,145.4275
10/11/2004,145.4199
10/8/2004,145.3947
10/7/2004,145.3867
10/6/2004,145.3817
10/5/2004,145.3737
10/4/2004,145.3668
10/1/2004,145.3428
9/30/2004,145.3353
9/29/2004,145.3288
9/28/2004,145.3224
9/27/2004,145.3148
9/24/2004,145.2916
9/23/2004,145.2851
9/22/2004,145.2783
9/21/2004,145.2721
9/20/2004,145.2657
9/17/2004,145.2441
9/16/2004,145.2368
9/15/2004,145.2342
9/14/2004,145.2278
9/13/2004,145.2218
9/10/2004,145.1999
9/9/2004,145.1938
9/8/2004,145.1881
9/7/2004,145.1813
9/6/2004,145.1757
9/3/2004,145.158
9/2/2004,145.1526
9/1/2004,145.1479
8/31/2004,145.1408
8/30/2004,145.136
8/27/2004,145.1144
8/26/2004,145.109
8/25/2004,145.1038
8/24/2004,145.0976
8/23/2004,145.0925
8/20/2004,145.0728
8/19/2004,145.0658
8/18/2004,145.0606
8/17/2004,145.0537
8/16/2004,145.0481
8/13/2004,145.0276
8/12/2004,145.0218
8/11/2004,145.0156
8/10/2004,145.0132
8/9/2004,145.0082
8/6/2004,144.9839
8/5/2004,144.9777
8/4/2004,144.974
8/3/2004,144.9688
8/2/2004,144.9636
7/30/2004,144.9429
7/29/2004,144.9375
7/28/2004,144.9334
7/27/2004,144.929
7/26/2004,144.9236
7/23/2004,144.9048
7/22/2004,144.8981
7/21/2004,144.8936
7/20/2004,144.8892
7/19/2004,144.8838
7/16/2004,144.8642
7/15/2004,144.8596
7/14/2004,144.8562
7/13/2004,144.8514
7/12/2004,144.8452
7/9/2004,144.8281
7/8/2004,144.8219
7/7/2004,144.8174
7/6/2004,144.8112
7/5/2004,144.8049
7/2/2004,144.7834
7/1/2004,144.7768
6/30/2004,144.7692
6/29/2004,144.7642
6/28/2004,144.761
6/25/2004,144.7432
6/24/2004,144.7372
6/23/2004,144.7351
6/22/2004,144.7304
6/21/2004,144.7245
6/18/2004,144.7068
6/17/2004,144.7005
6/16/2004,144.6976
6/15/2004,144.6871
6/14/2004,144.6847
6/11/2004,144.6696
6/10/2004,144.6702
6/9/2004,144.6709
6/8/2004,144.6675
6/7/2004,144.6631
6/4/2004,144.6497
6/3/2004,144.6467
6/2/2004,144.6452
6/1/2004,144.6414
5/31/2004,144.638
5/28/2004,144.6223
5/27/2004,144.618
5/26/2004,144.6145
5/25/2004,144.6107
5/24/2004,144.6055
5/21/2004,144.5915
5/20/2004,144.5863
5/19/2004,144.5824
5/18/2004,144.578
5/17/2004,144.5733
5/14/2004,144.5579
5/13/2004,144.5539
5/12/2004,144.5498
5/11/2004,144.5448
5/10/2004,144.5399
5/7/2004,144.5297
5/6/2004,144.5261
5/5/2004,144.5214
5/4/2004,144.5167
5/3/2004,144.5119
4/30/2004,144.4977
4/29/2004,144.493
4/28/2004,144.4888
4/27/2004,144.4841
4/26/2004,144.4794
4/23/2004,144.4653
4/22/2004,144.4606
4/21/2004,144.456
4/20/2004,144.4532
4/19/2004,144.4486
4/16/2004,144.4348
4/15/2004,144.4301
4/14/2004,144.426
4/13/2004,144.4215
4/12/2004,144.4169
4/9/2004,144.4032
4/8/2004,144.3987
4/7/2004,144.3941
4/6/2004,144.3896
4/5/2004,144.385
4/2/2004,144.3752
4/1/2004,144.3707
3/31/2004,144.3663
3/30/2004,144.3619
3/29/2004,144.3574
3/26/2004,144.3441
3/25/2004,144.3396
3/24/2004,144.3352
3/23/2004,144.3308
3/22/2004,144.3263
3/19/2004,144.313
3/18/2004,144.3086
3/17/2004,144.3041
3/16/2004,144.2997
3/15/2004,144.2952
3/12/2004,144.2819
3/11/2004,144.2775
3/10/2004,144.273
3/9/2004,144.2686
3/8/2004,144.2637
3/5/2004,144.2489
3/4/2004,144.2445
3/3/2004,144.24
3/2/2004,144.2355
3/1/2004,144.231
2/27/2004,144.2176
2/26/2004,144.2132
2/25/2004,144.209
2/24/2004,144.2045
2/23/2004,144.2
2/20/2004,144.1866
2/19/2004,144.1821
2/18/2004,144.1776
2/17/2004,144.1731
2/16/2004,144.1686
2/13/2004,144.155
2/12/2004,144.1505
2/11/2004,144.145
2/10/2004,144.1404
2/9/2004,144.1357
2/6/2004,144.122
2/5/2004,144.1176
2/4/2004,144.1132
2/3/2004,144.1086
2/2/2004,144.1038
1/30/2004,144.0904
1/29/2004,144.0859
1/28/2004,144.0826
1/27/2004,144.0781
1/26/2004,144.0736
1/23/2004,144.0602
1/22/2004,144.0557
1/21/2004,144.0512
1/20/2004,144.0467
1/19/2004,144.0423
1/16/2004,144.0289
1/15/2004,144.0244
1/14/2004,144.0199
1/13/2004,144.0154
1/12/2004,144.011
1/9/2004,143.995
1/8/2004,143.9905
1/7/2004,143.9859
1/6/2004,143.9796
1/5/2004,143.975
1/2/2004,143.9609
1/1/2004,143.9563
12/31/2003,143.9517
12/30/2003,143.9467
12/29/2003,143.9397
12/26/2003,143.9245
12/25/2003,143.9198
12/24/2003,143.9151
12/23/2003,143.9104
12/22/2003,143.9058
12/19/2003,143.8915
12/18/2003,143.8868
12/17/2003,143.8819
12/16/2003,143.8773
12/15/2003,143.8726
12/12/2003,143.8585
12/11/2003,143.8525
12/10/2003,143.8475
12/9/2003,143.8429
12/8/2003,143.8381
12/5/2003,143.8235
12/4/2003,143.8188
12/3/2003,143.8141
12/2/2003,143.8094
12/1/2003,143.8048
11/28/2003,143.7911
11/27/2003,143.7863
11/26/2003,143.7845
11/25/2003,143.7797
11/24/2003,143.7752
11/21/2003,143.761
11/20/2003,143.7564
11/19/2003,143.7515
11/18/2003,143.7469
11/17/2003,143.7423
11/14/2003,143.7281
11/13/2003,143.723
11/12/2003,143.7183
11/11/2003,143.7136
11/10/2003,143.7089
11/7/2003,143.6954
11/6/2003,143.6908
11/5/2003,143.6863
11/4/2003,143.6817
11/3/2003,143.6771
10/31/2003,143.6634
10/30/2003,143.6591
10/29/2003,143.6573
10/28/2003,143.6522
10/27/2003,143.6479
10/24/2003,143.634
10/23/2003,143.6295
10/22/2003,143.6243
10/21/2003,143.6197
10/20/2003,143.615
10/17/2003,143.6009
10/16/2003,143.597
10/15/2003,143.5926
10/14/2003,143.5883
10/13/2003,143.5837
10/10/2003,143.57
10/9/2003,143.5654
10/8/2003,143.5608
10/7/2003,143.5562
10/6/2003,143.5517
10/3/2003,143.5379
10/2/2003,143.5334
10/1/2003,143.5288
9/30/2003,143.5236
9/29/2003,143.519
9/26/2003,143.5063
9/25/2003,143.5018
9/24/2003,143.4973
9/23/2003,143.4927
9/22/2003,143.4882
9/19/2003,143.4746
9/18/2003,143.47
9/17/2003,143.4655
9/16/2003,143.461
9/15/2003,143.4564
9/12/2003,143.4428
9/11/2003,143.4383
9/10/2003,143.4337
9/9/2003,143.4292
9/8/2003,143.4247
9/5/2003,143.4109
9/4/2003,143.4062
9/3/2003,143.4017
9/2/2003,143.3976
9/1/2003,143.3933
8/29/2003,143.3798
8/28/2003,143.3757
8/27/2003,143.3715
8/26/2003,143.367
8/25/2003,143.3621
8/22/2003,143.3485
8/21/2003,143.3449
8/20/2003,143.3404
8/19/2003,143.3359
8/18/2003,143.3314
8/15/2003,143.3179
8/14/2003,143.3134
8/13/2003,143.309
8/12/2003,143.3045
8/11/2003,143.3
8/8/2003,143.2865
8/7/2003,143.2816
8/6/2003,143.2769
8/5/2003,143.2725
8/4/2003,143.2679
8/1/2003,143.2539
7/31/2003,143.2525
7/30/2003,143.2481
7/29/2003,143.2447
7/28/2003,143.2403
7/25/2003,143.2271
7/24/2003,143.2227
7/23/2003,143.2182
7/22/2003,143.2138
7/21/2003,143.2093
7/18/2003,143.1962
7/17/2003,143.1918
7/16/2003,143.1871
7/15/2003,143.1834
7/14/2003,143.1787
7/11/2003,143.1648
7/10/2003,143.1597
7/9/2003,143.1553
7/8/2003,143.1509
7/7/2003,143.1465
7/4/2003,143.133
7/3/2003,143.1285
7/2/2003,143.124
7/1/2003,143.1194
6/30/2003,143.1142
6/27/2003,143.1012
6/26/2003,143.0984
6/25/2003,143.112
6/24/2003,143.1065
6/23/2003,143.1013
6/20/2003,143.088
6/19/2003,143.0819
6/18/2003,143.0708
6/17/2003,143.0683
6/16/2003,143.0626
6/13/2003,143.0441
6/12/2003,143.0338
6/11/2003,143.0239
6/10/2003,143.0126
6/9/2003,143.0046
6/6/2003,142.9888
6/5/2003,142.9795
6/4/2003,142.9716
6/3/2003,142.9636
6/2/2003,142.9585
5/30/2003,142.9433
5/29/2003,142.9382
5/28/2003,142.9331
5/27/2003,142.928
5/26/2003,142.923
5/23/2003,142.9078
5/22/2003,142.9025
5/21/2003,142.899
5/20/2003,142.8927
5/19/2003,142.8877
5/16/2003,142.871
5/15/2003,142.8659
5/14/2003,142.8611
5/13/2003,142.856
5/12/2003,142.8509
5/9/2003,142.8356
5/8/2003,142.8315
5/7/2003,142.8268
5/6/2003,142.8203
5/5/2003,142.8152
5/2/2003,142.7999
5/1/2003,142.7934
4/30/2003,142.7873
4/29/2003,142.7821
4/28/2003,142.778
4/25/2003,142.7609
4/24/2003,142.7548
4/23/2003,142.7496
4/22/2003,142.7444
4/21/2003,142.7392
4/18/2003,142.7235
4/17/2003,142.7183
4/16/2003,142.7113
4/15/2003,142.7078
4/14/2003,142.705
4/11/2003,142.691
4/10/2003,142.6874
4/9/2003,142.6812
4/8/2003,142.6756
4/7/2003,142.6705
4/4/2003,142.6572
4/3/2003,142.652
4/2/2003,142.6469
4/1/2003,142.6422
3/31/2003,142.6369
3/28/2003,142.6198
3/27/2003,142.6146
3/26/2003,142.6095
3/25/2003,142.6045
3/24/2003,142.5995
3/21/2003,142.5845
3/20/2003,142.5795
3/19/2003,142.5749
3/18/2003,142.5732
3/17/2003,142.569
3/14/2003,142.5505
3/13/2003,142.5493
3/12/2003,142.5478
3/11/2003,142.5429
3/10/2003,142.5335
3/7/2003,142.5106
3/6/2003,142.5049
3/5/2003,142.499
3/4/2003,142.4925
3/3/2003,142.4859
2/28/2003,142.4699
2/27/2003,142.4648
2/26/2003,142.4593
2/25/2003,142.454
2/24/2003,142.4488
2/21/2003,142.4329
2/20/2003,142.4275
2/19/2003,142.4221
2/18/2003,142.4169
2/17/2003,142.4116
2/14/2003,142.3957
2/13/2003,142.3904
2/12/2003,142.3851
2/11/2003,142.3792
2/10/2003,142.3739
2/7/2003,142.3579
2/6/2003,142.3526
2/5/2003,142.3473
2/4/2003,142.3419
2/3/2003,142.3366
1/31/2003,142.3206
1/30/2003,142.3152
1/29/2003,142.3106
1/28/2003,142.3053
1/27/2003,142.2998
1/24/2003,142.2824
1/23/2003,142.2765
1/22/2003,142.2698
1/21/2003,142.2643
1/20/2003,142.2588
1/17/2003,142.2424
1/16/2003,142.2362
1/15/2003,142.2304
1/14/2003,142.2247
1/13/2003,142.2189
1/10/2003,142.2017
1/9/2003,142.1962
1/8/2003,142.1905
1/7/2003,142.1846
1/6/2003,142.179
1/3/2003,142.1625
1/2/2003,142.1577
1/1/2003,142.1522
12/31/2002,142.1468
12/30/2002,142.1414
12/27/2002,142.1198
12/26/2002,142.1141
12/25/2002,142.1086
12/24/2002,142.103
12/23/2002,142.0975
12/20/2002,142.081
12/19/2002,142.0757
12/18/2002,142.0694
12/17/2002,142.0638
12/16/2002,142.0583
12/13/2002,142.0416
12/12/2002,142.0361
12/11/2002,142.0305
12/10/2002,142.0249
12/9/2002,142.0189
12/6/2002,142.0008
12/5/2002,141.9951
12/4/2002,141.9892
12/3/2002,141.9836
12/2/2002,141.9778
11/29/2002,141.9608
11/28/2002,141.9554
11/27/2002,141.9528
11/26/2002,141.9469
11/25/2002,141.9408
11/22/2002,141.9241
11/21/2002,141.919
11/20/2002,141.9135
11/19/2002,141.9077
11/18/2002,141.902
11/15/2002,141.8851
11/14/2002,141.8818
11/13/2002,141.8771
11/12/2002,141.8717
11/11/2002,141.8667
11/8/2002,141.8506
11/7/2002,141.8449
11/6/2002,141.7982
11/5/2002,141.7899
11/4/2002,141.7812
11/1/2002,141.7558
10/31/2002,141.7448
10/30/2002,141.7341
10/29/2002,141.7185
10/28/2002,141.7088
10/25/2002,141.6819
10/24/2002,141.673
10/23/2002,141.6653
10/22/2002,141.6576
10/21/2002,141.6519
10/18/2002,141.6301
10/17/2002,141.6221
10/16/2002,141.617
10/15/2002,141.6122
10/14/2002,141.608
10/11/2002,141.5876
10/10/2002,141.5821
10/9/2002,141.5749
10/8/2002,141.5681
10/7/2002,141.5615
10/4/2002,141.541
10/3/2002,141.5343
10/2/2002,141.5264
10/1/2002,141.5201
9/30/2002,141.5095
9/27/2002,141.4864
9/26/2002,141.4807
9/25/2002,141.4743
9/24/2002,141.4669
9/23/2002,141.4596
9/20/2002,141.4378
9/19/2002,141.4283
9/18/2002,141.4212
9/17/2002,141.4126
9/16/2002,141.4069
9/13/2002,141.3855
9/12/2002,141.3777
9/11/2002,141.3712
9/10/2002,141.3644
9/9/2002,141.3593
9/6/2002,141.3415
9/5/2002,141.3335
9/4/2002,141.3264
9/3/2002,141.3167
9/2/2002,141.3091
8/30/2002,141.2881
8/29/2002,141.2804
8/28/2002,141.2724
8/27/2002,141.2681
8/26/2002,141.2615
8/23/2002,141.2404
8/22/2002,141.2351
8/21/2002,141.2289
8/20/2002,141.2219
8/19/2002,141.2154
8/16/2002,141.1964
8/15/2002,141.1904
8/14/2002,141.1868
8/13/2002,141.1777
8/12/2002,141.171
8/9/2002,141.1503
8/8/2002,141.1447
8/7/2002,141.136
8/6/2002,141.1293
8/5/2002,141.1208
8/2/2002,141.096
8/1/2002,141.087
7/31/2002,141.078
7/30/2002,141.071
7/29/2002,141.0657
7/26/2002,141.0445
7/25/2002,141.0348
7/24/2002,141.0286
7/23/2002,141.017
7/22/2002,141.0093
7/19/2002,140.987
7/18/2002,140.9797
7/17/2002,140.9724
7/16/2002,140.9656
7/15/2002,140.958
7/12/2002,140.9362
7/11/2002,140.929
7/10/2002,140.9216
7/9/2002,140.9144
7/8/2002,140.9071
7/5/2002,140.8853
7/4/2002,140.8781
7/3/2002,140.8709
7/2/2002,140.8636
7/1/2002,140.8563
6/28/2002,140.8345
6/27/2002,140.8275
6/26/2002,140.8205
6/25/2002,140.8114
6/24/2002,140.8042
6/21/2002,140.782
6/20/2002,140.7749
6/19/2002,140.7674
6/18/2002,140.7598
6/17/2002,140.7525
6/14/2002,140.7306
6/13/2002,140.722
6/12/2002,140.7147
6/11/2002,140.7071
6/10/2002,140.6997
6/7/2002,140.6777
6/6/2002,140.6703
6/5/2002,140.6628
6/4/2002,140.655
6/3/2002,140.6476
5/31/2002,140.6255
5/30/2002,140.6181
5/29/2002,140.6108
5/28/2002,140.6033
5/27/2002,140.5959
5/24/2002,140.5737
5/23/2002,140.5663
5/22/2002,140.5591
5/21/2002,140.5515
5/20/2002,140.5438
5/17/2002,140.5218
5/16/2002,140.514
5/15/2002,140.5053
5/14/2002,140.4996
5/13/2002,140.4923
5/10/2002,140.47
5/9/2002,140.4618
5/8/2002,140.4555
5/7/2002,140.4478
5/6/2002,140.4394
5/3/2002,140.417
5/2/2002,140.4095
5/1/2002,140.4021
4/30/2002,140.3945
4/29/2002,140.3873
4/26/2002,140.3645
4/25/2002,140.3565
4/24/2002,140.3473
4/23/2002,140.3398
4/22/2002,140.3322
4/19/2002,140.3096
4/18/2002,140.3008
4/17/2002,140.2908
4/16/2002,140.2831
4/15/2002,140.2755
4/12/2002,140.252
4/11/2002,140.2442
4/10/2002,140.2366
4/9/2002,140.2283
4/8/2002,140.2205
4/5/2002,140.1935
4/4/2002,140.1855
4/3/2002,140.1765
4/2/2002,140.1668
4/1/2002,140.1598
3/29/2002,140.1363
3/28/2002,140.1285
3/27/2002,140.1194
3/26/2002,140.1088
3/25/2002,140.1026
3/22/2002,140.0793
3/21/2002,140.072
3/20/2002,140.0663
3/19/2002,140.0569
3/18/2002,140.0491
3/15/2002,140.0258
3/14/2002,140.0199
3/13/2002,140.0116
3/12/2002,140.0039
3/11/2002,139.9961
3/8/2002,139.9759
3/7/2002,139.9737
3/6/2002,139.9664
3/5/2002,139.9589
3/4/2002,139.9513
3/1/2002,139.9314
2/28/2002,139.9241
2/27/2002,139.9158
2/26/2002,139.9105
2/25/2002,139.9033
2/22/2002,139.8811
2/21/2002,139.873
2/20/2002,139.8662
2/19/2002,139.8589
2/18/2002,139.8513
2/15/2002,139.8289
2/14/2002,139.8214
2/13/2002,139.8154
2/12/2002,139.8098
2/11/2002,139.8022
2/8/2002,139.7791
2/7/2002,139.7717
2/6/2002,139.7643
2/5/2002,139.7568
2/4/2002,139.7479
2/1/2002,139.7238
1/31/2002,139.721
1/30/2002,139.7174
1/29/2002,139.7094
1/28/2002,139.7024
1/25/2002,139.681
1/24/2002,139.6839
1/23/2002,139.6787
1/22/2002,139.6717
1/21/2002,139.6653
1/18/2002,139.6477
1/17/2002,139.6447
1/16/2002,139.6409
1/15/2002,139.6329
1/14/2002,139.6262
1/11/2002,139.5894
1/10/2002,139.581
1/9/2002,139.572
1/8/2002,139.5649
1/7/2002,139.5542
1/4/2002,139.5322
1/3/2002,139.5237
1/2/2002,139.518
1/1/2002,139.5081
12/31/2001,139.5008
12/28/2001,139.479
12/27/2001,139.4643
12/26/2001,139.4575
12/25/2001,139.4502
12/24/2001,139.4428
12/21/2001,139.4204
12/20/2001,139.4129
12/19/2001,139.4055
12/18/2001,139.3977
12/17/2001,139.3921
12/14/2001,139.3717
12/13/2001,139.368
12/12/2001,139.361
12/11/2001,139.3486
12/10/2001,139.337
12/7/2001,139.3005
12/6/2001,139.2905
12/5/2001,139.2862
12/4/2001,139.2728
12/3/2001,139.2629
11/30/2001,139.2362
11/29/2001,139.2211
11/28/2001,139.2159
11/27/2001,139.1987
11/26/2001,139.192
11/23/2001,139.1671
11/22/2001,139.1584
11/21/2001,139.1536
11/20/2001,139.148
11/19/2001,139.1345
11/16/2001,139.1113
11/15/2001,139.1075
11/14/2001,139.1075
11/13/2001,139.1007
11/12/2001,139.0906
11/9/2001,139.0683
11/8/2001,139.0624
11/7/2001,139.0544
11/6/2001,139.0259
11/5/2001,139.0125
11/2/2001,138.9801
11/1/2001,138.9698
10/31/2001,138.9615
10/30/2001,138.9476
10/29/2001,138.936
10/26/2001,138.9076
10/25/2001,138.8941
10/24/2001,138.881
10/23/2001,138.869
10/22/2001,138.8588
10/19/2001,138.8286
10/18/2001,138.8162
10/17/2001,138.8021
10/16/2001,138.7913
10/15/2001,138.7801
10/12/2001,138.7494
10/11/2001,138.7422
10/10/2001,138.7319
10/9/2001,138.7225
10/8/2001,138.7115
10/5/2001,138.6778
10/4/2001,138.6649
10/3/2001,138.6543
10/2/2001,138.632
10/1/2001,138.6217
9/28/2001,138.5935
9/27/2001,138.5818
9/26/2001,138.5696
9/25/2001,138.5586
9/24/2001,138.5502
9/21/2001,138.5171
9/20/2001,138.5124
9/19/2001,138.4713
9/18/2001,138.4207
9/17/2001,138.3726
9/14/2001,138.323
9/13/2001,138.312
9/12/2001,138.2976
9/11/2001,138.2661
9/10/2001,138.2522
9/7/2001,138.1962
9/6/2001,138.1786
9/5/2001,138.1648
9/4/2001,138.1568
9/3/2001,138.1433
8/31/2001,138.1035
8/30/2001,138.0879
8/29/2001,138.0734
8/28/2001,138.0577
8/27/2001,138.0451
8/24/2001,138.0048
8/23/2001,137.9919
8/22/2001,137.9789
8/21/2001,137.9639
8/20/2001,137.9504
8/17/2001,137.9065
8/16/2001,137.891
8/15/2001,137.8767
8/14/2001,137.8622
8/13/2001,137.8469
8/10/2001,137.8025
8/9/2001,137.7872
8/8/2001,137.7667
8/7/2001,137.7523
8/6/2001,137.7368
8/3/2001,137.6935
8/2/2001,137.68
8/1/2001,137.6647
7/31/2001,137.6487
7/30/2001,137.6334
7/27/2001,137.5885
7/26/2001,137.5728
7/25/2001,137.5587
7/24/2001,137.5444
7/23/2001,137.5304
7/20/2001,137.4867
7/19/2001,137.4719
7/18/2001,137.4513
7/17/2001,137.437
7/16/2001,137.4227
7/13/2001,137.3799
7/12/2001,137.3642
7/11/2001,137.3512
7/10/2001,137.3339
7/9/2001,137.3194
7/6/2001,137.2732
7/5/2001,137.2578
7/4/2001,137.2425
7/3/2001,137.2288
7/2/2001,137.2126
6/29/2001,137.1684
6/28/2001,137.1601
6/27/2001,137.1598
6/26/2001,137.1465
6/25/2001,137.1313
6/22/2001,137.0844
6/21/2001,137.0687
6/20/2001,137.0512
6/19/2001,137.0347
6/18/2001,137.0147
6/15/2001,136.9609
6/14/2001,136.9426
6/13/2001,136.9259
6/12/2001,136.9097
6/11/2001,136.893
6/8/2001,136.8476
6/7/2001,136.8323
6/6/2001,136.8157
6/5/2001,136.7988
6/4/2001,136.7839
6/1/2001,136.7387
5/31/2001,136.7166
5/30/2001,136.7001
5/29/2001,136.6853
5/28/2001,136.6667
5/25/2001,136.6211
5/24/2001,136.6024
5/23/2001,136.5852
5/22/2001,136.5694
5/21/2001,136.5539
5/18/2001,136.5097
5/17/2001,136.4962
5/16/2001,136.4821
5/15/2001,136.4557
5/14/2001,136.4377
5/11/2001,136.398
5/10/2001,136.3834
5/9/2001,136.3629
5/8/2001,136.3452
5/7/2001,136.3
5/4/2001,136.2517
5/3/2001,136.2304
5/2/2001,136.21
5/1/2001,136.1902
4/30/2001,136.1741
4/27/2001,136.1273
4/26/2001,136.1064
4/25/2001,136.0901
4/24/2001,136.0708
4/23/2001,136.0503
4/20/2001,135.9964
4/19/2001,135.981
4/18/2001,135.8852
4/17/2001,135.8691
4/16/2001,135.8544
4/13/2001,135.8006
4/12/2001,135.7827
4/11/2001,135.7678
4/10/2001,135.7518
4/9/2001,135.7337
4/6/2001,135.6697
4/5/2001,135.6519
4/4/2001,135.6328
4/3/2001,135.6109
4/2/2001,135.5936
3/30/2001,135.5334
3/29/2001,135.5153
3/28/2001,135.4947
3/27/2001,135.4826
3/26/2001,135.4635
3/23/2001,135.4093
3/22/2001,135.3916
3/21/2001,135.3723
3/20/2001,135.3596
3/19/2001,135.3417
3/16/2001,135.2831
3/15/2001,135.257
3/14/2001,135.2232
3/13/2001,135.2023
3/12/2001,135.1791
3/9/2001,135.125
3/8/2001,135.1015
3/7/2001,135.0793
3/6/2001,135.0582
3/5/2001,135.0397
3/2/2001,134.9817
3/1/2001,134.9626
2/28/2001,134.9525
2/27/2001,134.924
2/26/2001,134.8881
2/23/2001,134.8118
2/22/2001,134.7836
2/21/2001,134.759
2/20/2001,134.7373
2/19/2001,134.7167
2/16/2001,134.6537
2/15/2001,134.6335
2/14/2001,134.615
2/13/2001,134.5959
2/12/2001,134.5761
2/9/2001,134.5138
2/8/2001,134.4938
2/7/2001,134.4737
2/6/2001,134.4535
2/5/2001,134.4334
2/2/2001,134.3754
2/1/2001,134.3565
1/31/2001,134.3325
1/30/2001,134.2984
1/29/2001,134.2745
1/26/2001,134.2082
1/25/2001,134.1824
1/24/2001,134.1587
1/23/2001,134.143
1/22/2001,134.1208
1/19/2001,134.0523
1/18/2001,134.0245
1/17/2001,133.9903
1/16/2001,133.9691
1/15/2001,133.9469
1/12/2001,133.8916
1/11/2001,133.8709
1/10/2001,133.8515
1/9/2001,133.8331
1/8/2001,133.8126
1/5/2001,133.7397
1/4/2001,133.6935
1/3/2001,133.5977
1/2/2001,133.5636
1/1/2001,133.5362
12/29/2000,133.4651
12/28/2000,133.4412
12/27/2000,133.4096
12/26/2000,133.3844
12/25/2000,133.3607
12/22/2000,133.2896
12/21/2000,133.2638
12/20/2000,133.2357
12/19/2000,133.2099
12/18/2000,133.1837
12/15/2000,133.1098
12/14/2000,133.0856
12/13/2000,133.058
12/12/2000,133.0339
12/11/2000,133.0096
12/8/2000,132.9377
12/7/2000,132.9122
12/6/2000,132.8833
12/5/2000,132.8519
12/4/2000,132.8265
12/1/2000,132.7529
11/30/2000,132.7238
11/29/2000,132.6962
11/28/2000,132.6791
11/27/2000,132.6545
11/24/2000,132.5805
11/23/2000,132.5556
11/22/2000,132.5309
11/21/2000,132.5063
11/20/2000,132.4815
11/17/2000,132.4078
11/16/2000,132.3822
11/15/2000,132.3575
11/14/2000,132.3329
11/13/2000,132.308
11/10/2000,132.2342
11/9/2000,132.2094
11/8/2000,132.1849
11/7/2000,132.1603
11/6/2000,132.136
11/3/2000,132.0624
11/2/2000,132.0378
11/1/2000,132.0123
10/31/2000,131.9874
10/30/2000,131.963
10/27/2000,131.9014
10/26/2000,131.8768
10/25/2000,131.8522
10/24/2000,131.8277
10/23/2000,131.8032
10/20/2000,131.7296
10/19/2000,131.7051
10/18/2000,131.6806
10/17/2000,131.6557
10/16/2000,131.631
10/13/2000,131.5576
10/12/2000,131.5309
10/11/2000,131.5063
10/10/2000,131.4815
10/9/2000,131.457
10/6/2000,131.3831
10/5/2000,131.3585
10/4/2000,131.3339
10/3/2000,131.3093
10/2/2000,131.2847
9/29/2000,131.2104
9/28/2000,131.1855
9/27/2000,131.1686
9/26/2000,131.1446
9/25/2000,131.1205
9/22/2000,131.0483
9/21/2000,131.0242
9/20/2000,131.0004
9/19/2000,130.9766
9/18/2000,130.9521
9/15/2000,130.8801
9/14/2000,130.8561
9/13/2000,130.8321
9/12/2000,130.8082
9/11/2000,130.7842
9/8/2000,130.7122
9/7/2000,130.6884
9/6/2000,130.6652
9/5/2000,130.6414
9/4/2000,130.6174
9/1/2000,130.5435
8/31/2000,130.5192
8/30/2000,130.4953
8/29/2000,130.4716
8/28/2000,130.4476
8/25/2000,130.3756
8/24/2000,130.3516
8/23/2000,130.3271
8/22/2000,130.3031
8/21/2000,130.2792
8/18/2000,130.2071
8/17/2000,130.1831
8/16/2000,130.1591
8/15/2000,130.1351
8/14/2000,130.1113
8/11/2000,130.04
8/10/2000,130.0159
8/9/2000,129.9916
8/8/2000,129.9673
8/7/2000,129.9434
8/4/2000,129.8694
8/3/2000,129.8452
8/2/2000,129.8207
8/1/2000,129.7967
7/31/2000,129.7726
7/28/2000,129.702
7/27/2000,129.6778
7/26/2000,129.6539
7/25/2000,129.6297
7/24/2000,129.6058
7/21/2000,129.5337
7/20/2000,129.507
7/19/2000,129.483
7/18/2000,129.4593
7/17/2000,129.4354
7/14/2000,129.3641
7/13/2000,129.3401
7/12/2000,129.3162
7/11/2000,129.2923
7/10/2000,129.2684
7/7/2000,129.1951
7/6/2000,129.1714
7/5/2000,129.1471
7/4/2000,129.1229
7/3/2000,129.0967
6/30/2000,129.024
6/29/2000,128.9989
6/28/2000,128.9718
6/27/2000,128.9487
6/26/2000,128.9254
6/23/2000,128.8542
6/22/2000,128.8302
6/21/2000,128.807
6/20/2000,128.7831
6/19/2000,128.7592
6/16/2000,128.6858
6/15/2000,128.6619
6/14/2000,128.6362
6/13/2000,128.6101
6/12/2000,128.5861
6/9/2000,128.5142
6/8/2000,128.4915
6/7/2000,128.4681
6/6/2000,128.4449
6/5/2000,128.4209
6/2/2000,128.3416
6/1/2000,128.3154
5/31/2000,128.2925
5/30/2000,128.2716
5/29/2000,128.2503
5/26/2000,128.178
5/25/2000,128.1543
5/24/2000,128.1313
5/23/2000,128.1072
5/22/2000,128.0832
5/19/2000,128.011
5/18/2000,127.987
5/17/2000,127.9638
5/16/2000,127.9465
5/15/2000,127.9238
5/12/2000,127.8571
5/11/2000,127.8364
5/10/2000,127.8141
5/9/2000,127.7915
5/8/2000,127.7707
5/5/2000,127.7036
5/4/2000,127.6825
5/3/2000,127.6672
5/2/2000,127.6485
5/1/2000,127.6356
4/28/2000,127.5667
4/27/2000,127.56
4/26/2000,127.541
4/25/2000,127.5243
4/24/2000,127.5047
4/21/2000,127.4381
4/20/2000,127.4159
4/19/2000,127.3951
4/18/2000,127.3754
4/17/2000,127.3541
4/14/2000,127.2881
4/13/2000,127.2661
4/12/2000,127.2444
4/11/2000,127.2226
4/10/2000,127.2007
4/7/2000,127.1346
4/6/2000,127.1132
